event_id,ALTERNATIVE_PAYMENT,RECOVERY_REMINDER,RETRY_LATER,HUMAN_ESCALATION
EVT_00000008,3058.339498365582,3981.6838188777465,2818.6723201160307,-inf
EVT_00000011,2014.7105960098884,2616.147751445802,1855.1213325197575,-inf
EVT_00000022,2515.4092833737386,2460.521487990165,2282.9639181580724,-inf
EVT_00000026,3552.750065785706,4628.595245351033,3275.146637222792,-inf
EVT_00000027,2635.1498617340303,2325.3321381070555,1977.2275994289885,-inf
EVT_00000028,2958.1354996376613,2103.6904023918282,1501.9750283132917,-inf
EVT_00000036,492.9874941914531,253.6533284617782,252.6077168167924,-inf
EVT_00000041,14838.959587354913,8246.908447521335,6163.241933983259,-inf
EVT_00000049,1846.5490833679846,1813.3212666904183,1487.6033636291809,-inf
EVT_00000054,1414.355797444532,1830.6136129734425,1300.8319124394254,-inf
EVT_00000055,2229.88950899179,2193.915620237979,1797.4652643253291,-inf
EVT_00000074,1121.0701931660778,875.7812153551312,604.3605508550887,-inf
EVT_00000082,9374.3155377826,4280.346398457025,3278.978283631811,5071.308730215498
EVT_00000088,784.0349442556333,645.3781872725668,514.7882483593556,-inf
EVT_00000091,4996.882409636771,3567.337772906614,2540.582178930926,-inf
EVT_00000092,359.7203884576049,298.7607375772608,234.975872063496,-inf
EVT_00000094,395.6322165694741,343.60758262484717,241.26107747160893,-inf
EVT_00000105,7560.345143789003,6350.068421848398,4458.917845147217,4302.544669550508
EVT_00000123,4302.84001763963,4252.016477957478,3473.073527172675,-inf
EVT_00000130,1209.2114595223277,959.1145987394979,633.8199756981305,-inf
EVT_00000137,1762.6398986107813,1599.9621914749364,1092.1543328552839,-inf
EVT_00000139,4184.8717068641145,4134.893237157495,3377.717330551013,-inf
EVT_00000157,2281.959124719199,1739.7979079935003,1420.0446341956217,-inf
EVT_00000170,2141.442260871033,2781.9697777072097,1972.1288440605376,-inf
EVT_00000192,3407.62113521931,3111.789656115764,2116.072089756813,-inf
EVT_00000215,3411.9366881419196,1545.1819686971116,1190.2580371147897,-inf
EVT_00000219,12207.216315200098,15952.530200843446,11265.553459915132,9240.817875523857
EVT_00000231,1828.946983373783,1795.8452599335753,1473.375226454315,-inf
EVT_00000233,3082.867117679272,2577.5103122397327,1815.243028472264,-inf
EVT_00000235,4879.937024340394,4824.979430774396,3939.552832326479,-inf
EVT_00000252,2010.468096918623,1833.577807472039,1442.6325155305026,-inf
EVT_00000254,499.945539106638,215.15026004524933,161.7309360090905,-inf
EVT_00000260,5942.478477933007,5754.229198720216,4746.236768121011,-inf
EVT_00000273,733.5065703912348,939.7565526468721,672.2244221231288,-inf
EVT_00000275,743.3361904721921,952.6181174419852,681.2998129208765,-inf
EVT_00000278,2954.3455449514063,2609.4222026099255,2217.3348138534925,-inf
EVT_00000282,905.8646264968987,1165.2784231062685,831.3574001442604,-inf
EVT_00000288,1153.1320641390416,1043.1454467984363,825.309853365482,-inf
EVT_00000299,2598.1972585872313,2504.634549419119,2072.357182137368,-inf
EVT_00000304,2255.2284220476395,1184.574804150422,846.3646130729736,-inf
EVT_00000333,1035.212531870089,949.0420850050727,884.5964368586522,-inf
EVT_00000337,862.9496396501066,1109.126315551193,791.73529130311,-inf
EVT_00000339,3083.5444108045303,2357.9632792531274,1920.6210022875027,-inf
EVT_00000352,660.2799523119154,843.9431961389527,604.6165013292529,-inf
EVT_00000353,3433.7162961686845,4472.84552886893,3165.2463594392843,-inf
EVT_00000370,1689.4540544994768,1477.0839512996245,1122.0648621783726,-inf
EVT_00000380,1625.1895424262898,1327.4968164004383,1094.5990303654053,-inf
EVT_00000385,18648.06708185544,24380.0603381958,17212.196086583004,-inf
EVT_00000394,590.7558036860448,752.9743351848044,540.4269585530449,-inf
EVT_00000395,2014.3831139453287,927.4686261256288,666.7931370468181,-inf
EVT_00000399,2421.938604094343,3148.9851723456914,2231.102630547191,-inf
EVT_00000408,1789.6919209402915,1756.8714024646383,1441.6445571991906,-inf
EVT_00000409,2636.1194351464324,1872.5101790180927,1337.9290716749142,-inf
EVT_00000455,4226.349520467333,4176.073923043139,3411.244695004942,-inf
EVT_00000457,681.1951035070821,504.09709935271394,354.6824079607778,-inf
EVT_00000482,3396.990791084981,4424.792047719402,3131.33881182969,-inf
EVT_00000497,2050.54889111483,2015.8597149297157,1652.5005775539128,-inf
EVT_00000517,3371.1532623250423,3327.003892157919,2719.9720811526877,-inf
EVT_00000523,865.5130273385302,462.18454366854155,354.77547605074096,-inf
EVT_00000527,3235.7625658109782,2726.0585095831575,2140.1994818757444,-inf
EVT_00000531,11140.509330854567,8348.969391868004,5714.859508682001,5654.055309618001
EVT_00000547,510.3804727512441,264.3372284154383,207.15437752072148,-inf
EVT_00000564,3232.0310925060503,3188.878328697635,2607.5167879262167,-inf
EVT_00000581,5111.660897670901,5020.764053707215,4644.460337541754,-inf
EVT_00000583,360.15589257739646,331.3311619313296,263.35728392642454,-inf
EVT_00000611,4241.60054177197,3243.397709570409,2234.636028823012,-inf
EVT_00000617,1738.926486636422,2255.298078421211,1600.4982089646812,-inf
EVT_00000621,1036.179274403147,1008.7565692011281,832.5648848045109,-inf
EVT_00000627,615.7692883942767,785.7032251802318,563.5211521303197,-inf
EVT_00000628,11282.658581142774,14742.792784192128,10411.937279173253,8521.99641428548
EVT_00000633,1507.2975887200535,1062.1118312887338,762.8687560851041,-inf
EVT_00000634,2627.494223009886,3417.944388460619,2420.885913824382,-inf
EVT_00000642,4670.0412035536165,2176.5620603395864,1552.4503224108787,-inf
EVT_00000653,1965.4969971504295,1786.3989277394091,1218.4226334813166,-inf
EVT_00000655,519.9202603041043,380.0156473779705,269.5265933518714,-inf
EVT_00000677,4320.220871954452,5632.7922967731565,3983.7292105551332,-inf
EVT_00000687,2363.5966611915146,3072.647666649903,2177.237279965758,-inf
EVT_00000697,1938.9382492362236,869.4629248746045,674.2422420742403,-inf
EVT_00000698,15730.30286933731,13233.773957184483,9282.774347933262,-inf
EVT_00000708,7038.812049614428,9189.93248071924,6493.722186211529,-inf
EVT_00000709,1876.1663563180039,1803.0464942426108,1495.066110184778,-inf
EVT_00000710,12664.626794674141,12553.903313214232,10232.076676218407,7958.490356772023
EVT_00000716,4688.234892125271,4634.650563253117,3784.596080872417,-inf
EVT_00000735,1934.762779970785,1157.4533344097847,1046.809543283326,-inf
EVT_00000739,600.9299770518813,500.00162484683153,335.975897190388,-inf
EVT_00000743,1949.6487557705539,1915.682381110239,1570.9409359705896,-inf
EVT_00000765,2363.747516337908,1755.693554651735,1208.6162993915586,-inf
EVT_00000771,1933.0037289608404,866.74054020663,672.1632811485512,-inf
EVT_00000774,6667.249498858785,6599.488432061881,5384.274034352015,-inf
EVT_00000775,1963.3881942689063,1665.9503633915851,1516.6118232496742,-inf
EVT_00000778,6308.672726606314,6243.480336618985,5094.429100792416,-inf
EVT_00000780,2179.8863129647402,2144.270623793218,1757.0466590175001,-inf
EVT_00000785,901.8255689113183,1159.9935188657907,827.6282604886227,-inf
EVT_00000794,400.6582116224925,223.83162221090925,212.81281661089812,-inf
EVT_00000804,3100.7745354684084,4037.207936268444,2857.8513058808167,-inf
EVT_00000805,12443.622650302497,12334.482339489425,10053.434509467312,7815.248047520228
EVT_00000807,2465.1141710883094,2113.1326832580385,1393.7395341587485,-inf
EVT_00000815,3520.0799796590954,2830.2555691759185,1854.6395108177337,-inf
EVT_00000816,1036.1258637134338,990.738158413764,767.0321347576044,-inf
EVT_00000820,16625.147475289672,21733.171508224208,15344.495623003872,-inf
EVT_00000821,3359.3410342220686,2570.6517168611317,2092.8512995233464,-inf
EVT_00000830,4179.495464323806,4041.161489374316,3336.6650301773516,-inf
EVT_00000847,15553.008311519712,20330.331193884944,14354.621973702526,11842.090898507422
EVT_00000854,5649.052118269741,7371.501324741052,5210.598892724489,-inf
EVT_00000855,549.2400729809593,525.3055731819537,438.9619762915046,-inf
EVT_00000867,6891.23665654959,6821.871050189265,5565.327431735446,-inf
EVT_00000869,1082.7167574778766,1396.6805651048383,994.6396215168038,-inf
EVT_00000871,2508.104830990482,2470.137937388093,2022.3523952273717,-inf
EVT_00000879,601.4154035169258,564.3875407278646,475.8544092696277,-inf
EVT_00000885,5894.509764527117,5832.2842448961555,4759.652713932169,-inf
EVT_00000886,2824.4493310181565,2784.2162929135648,2278.060120009688,-inf
EVT_00000917,249.8722194710904,182.3248588797111,127.00616311824865,-inf
EVT_00000928,3576.312352787559,3455.0562897103896,2854.397271348632,-inf
EVT_00000935,4556.00731340193,4503.370201252487,3677.713826539366,-inf
EVT_00000957,2961.651620300989,2492.5979242534795,1933.6563285217228,-inf
EVT_00000962,2353.380588069962,3059.2804474367194,2167.8050887688596,-inf
EVT_00000967,1003.2009278185409,1292.6380907286443,921.2250619690107,-inf
EVT_00000969,18324.116895051837,18172.85146525674,14806.758192315636,-inf
EVT_00000972,1364.2352936488562,1334.462548081466,1097.7392699293523,-inf
EVT_00000975,551.6504913967169,426.6787386729773,286.4340173778393,-inf
EVT_00000978,2653.477400312855,2614.469125403972,2139.860014117321,-inf
EVT_00000982,956.4580009670847,827.550674448002,633.0701518152489,-inf
EVT_00000983,771.2501592842661,634.5282664734445,506.31237488636,-inf
EVT_00000988,549.4853392524109,486.60531839851393,390.6555416762211,-inf
EVT_00000989,1961.3035391559663,1068.7035633513658,1019.8676338845398,-inf
EVT_00001005,2607.5233271700718,3391.8134730493684,2402.4473899715067,-inf
EVT_00001007,1633.8973696234582,1486.3934158730235,1171.4837069197306,-inf
EVT_00001008,1768.809300137699,965.4184492707524,730.2566488304421,-inf
EVT_00001010,2256.373851986825,1850.8319877706447,1521.6566975827664,-inf
EVT_00001012,1081.644598526902,974.0903729727648,668.2691452284852,-inf
EVT_00001021,707.8949722094972,410.80903977932655,379.83823191155096,-inf
EVT_00001035,329.9997311009028,411.78809445001525,299.67876664880566,-inf
EVT_00001041,4202.90120856588,5479.285402306688,3875.4115151872124,-inf
EVT_00001047,2280.8444835875994,2244.505577153601,1838.6532117026195,-inf
EVT_00001056,3393.1027982758333,2727.4404568809546,1787.5581419746732,-inf
EVT_00001058,1352.6811349278914,1227.122367239393,968.9946617743217,-inf
EVT_00001059,2947.665722005237,1366.4397356051854,978.0412043480903,-inf
EVT_00001072,1344.6077624321106,1314.9756193469975,1081.8739353017902,-inf
EVT_00001078,3189.1413863800963,4152.831527961734,2939.437745538186,-inf
EVT_00001097,1653.3894692800634,2143.3771819828235,1521.5244690043169,-inf
EVT_00001098,7058.9528570418415,6839.09286013909,5638.9003495517845,-inf
EVT_00001100,2531.3867793354075,1170.6422057480536,839.212927419689,-inf
EVT_00001104,7225.050704895044,7000.487982810556,5771.7018741608235,-inf
EVT_00001123,3860.482519319068,3105.8840321750536,2034.472360068986,-inf
EVT_00001136,367.25505083703604,460.53481149528557,334.0754760959453,-inf
EVT_00001146,500.1708829532244,467.9154307725576,367.68444697059743,-inf
EVT_00001157,3226.1242677197383,2557.806041977742,1748.56803961823,-inf
EVT_00001165,4985.421946692722,4929.70870832546,4024.8184509517223,-inf
EVT_00001166,1864.8006025060056,1414.7381265849483,979.6459077918139,-inf
EVT_00001167,1273.9091860623892,1244.7834946150945,1024.7268310933441,-inf
EVT_00001187,1034.2016550772082,722.4690752990308,521.8575657310255,-inf
EVT_00001204,10813.21597734356,5982.327804337733,5645.382438075704,6125.369888908611
EVT_00001211,2988.9700914701,2628.6302737484975,1988.9951342423851,-inf
EVT_00001218,1126.0956843566048,935.671058595517,741.5627744595821,-inf
EVT_00001219,4443.455485477952,3917.5003291191215,2959.3082219360185,-inf
EVT_00001222,1080.9005816772926,579.9990778617837,559.8182443421049,-inf
EVT_00001224,7249.885375224072,6130.637981861076,4740.675037331648,-inf
EVT_00001246,8471.243610684329,7117.557927833044,4996.747248984918,4851.052162409194
EVT_00001249,565.330659587761,505.1688710894963,386.83028379432966,-inf
EVT_00001262,1067.987052634511,1021.818667590079,790.7723603036561,-inf
EVT_00001264,1112.5537010182784,1084.583885033655,894.2998947686503,-inf
EVT_00001276,4349.707043031946,4269.378216904592,3951.402973780579,-inf
EVT_00001290,463.24920070463696,439.9306994212736,369.4537967596919,-inf
EVT_00001297,4061.81761589601,3105.0765303962917,2139.7076370063687,-inf
EVT_00001300,1588.14801045995,1327.3486777230828,1034.5797973005558,-inf
EVT_00001301,2666.558552105447,2627.4565699242244,2150.433776462243,-inf
EVT_00001308,1759.3787222545207,1626.9198090629711,1506.8992421538444,-inf
EVT_00001315,475.3036095896632,401.18304668680616,312.0834955874337,-inf
EVT_00001316,808.141872134661,1037.4131010658223,741.1329379203597,-inf
EVT_00001329,1536.0943182107756,835.7709872211987,633.5219484131013,-inf
EVT_00001338,1331.3992891011835,1722.069183133138,1224.2406783701633,-inf
EVT_00001341,3603.768833522737,2130.7051430799065,2417.57502238675,-inf
EVT_00001343,1277.7508807075246,1651.8729319019783,1174.7087261848644,-inf
EVT_00001349,3459.1224670310703,4506.0882289988485,3188.7031082608573,-inf
EVT_00001356,513.2566820734122,424.1354547680114,286.2288691563046,-inf
EVT_00001384,3897.459944883475,5079.630830553405,3593.4068384199077,-inf
EVT_00001392,6394.326483890853,6285.639543176957,5811.146252129071,-inf
EVT_00001394,4957.223640682184,4372.768146433598,3302.0521003473473,-inf
EVT_00001403,9133.900921854443,8890.09723838172,6800.799637208987,5741.429557861226
EVT_00001408,1980.4218069833998,1911.8964617859174,1470.6404881991973,-inf
EVT_00001418,2118.0846392897265,1571.1467769707224,1082.4858773898895,-inf
EVT_00001419,11594.613448493283,15150.970079604826,10699.955769119788,8764.533840915685
EVT_00001420,14084.661284435831,18409.07276527721,12998.941592594685,10700.486305594006
EVT_00001428,1847.1845255774736,1683.0363466915337,1325.0605891280513,-inf
EVT_00001433,13110.0888393888,12252.096243438193,11260.984480841114,-inf
EVT_00001434,86.73744660210932,26.32867417411275,27.743996990909956,-inf
EVT_00001449,4429.144374148004,4347.713781651211,4023.6575164308106,-inf
EVT_00001451,5487.387377749466,4863.87630554341,4122.754123925083,-inf
EVT_00001456,857.1940096281043,457.5499493507564,351.317436180161,-inf
EVT_00001463,1609.084628419013,1549.6579836655249,1193.9518688702053,-inf
EVT_00001464,1002.0353355831959,1291.1129717580125,920.1489059264114,-inf
EVT_00001481,972.3246445708876,767.304194577864,508.67393264767406,-inf
EVT_00001482,3165.631422094107,2647.244467490874,1864.1102492660257,-inf
EVT_00001487,805.8652504301231,585.3818020816112,408.7545132360264,-inf
EVT_00001512,528.4246681060998,671.4171709799019,482.87850707715467,-inf
EVT_00001529,9162.689396479032,11968.919449553508,8454.633876646161,-inf
EVT_00001533,2702.497699309461,2374.777131278065,1797.8843038954217,-inf
EVT_00001537,10412.937702469955,7991.493942789738,5493.205268193071,6258.190369637583
EVT_00001542,21364.108916070196,27933.8648341259,19719.835330574035,-inf
EVT_00001562,1682.2861837349258,2181.1870833082157,1548.2039311085396,-inf
EVT_00001572,1920.996738734163,1887.23561376486,1547.7809250136781,-inf
EVT_00001633,3261.2245119972513,2321.2826075823345,1656.378899616005,-inf
EVT_00001639,2683.949882130524,1996.2358601188914,1373.01744949058,-inf
EVT_00001641,484.03405884998267,387.8292742907922,280.7922795673596,-inf
EVT_00001642,1713.2222929870697,1669.4605341355864,1553.311331697527,-inf
EVT_00001643,12972.283413497951,12859.356023466049,10480.761809061793,8157.895868656064
EVT_00001646,2160.3817350894674,1800.2580977585512,1270.5722650464654,-inf
EVT_00001652,5333.139868972981,5182.4644481026335,3968.798456538537,-inf
EVT_00001657,2985.2299225867373,2723.5890968209733,1853.1548884242695,-inf
EVT_00001658,637.6324037706726,517.2455837341871,371.48263560749655,-inf
EVT_00001660,7826.633971550027,10220.757946254265,7221.094328950749,-inf
EVT_00001669,2365.572558189399,3075.233028755198,2179.0615658775437,-inf
EVT_00001683,1800.8851699040977,1332.860306256778,919.6265011054212,-inf
EVT_00001692,2079.7340203007425,1732.3073029867098,1222.9547599764112,-inf
EVT_00001697,433.200623815335,313.29539394882465,223.7371748590246,-inf
EVT_00001710,1630.843559930963,1599.1609570503454,1313.2441804721036,-inf
EVT_00001718,3585.089853494824,1666.2532923912618,1190.62100307567,-inf
EVT_00001730,514.1383718311764,652.7242689441383,469.68840199888064,-inf
EVT_00001745,2021.9084811341556,1987.4244714925178,1629.3499488173602,-inf
EVT_00001751,2541.5685606876577,2087.296075187114,1714.618697993253,-inf
EVT_00001759,5811.781777044047,4623.852789374875,3154.0087460156797,-inf
EVT_00001763,4895.390807035939,3943.863034838793,2581.2088981681586,-inf
EVT_00001767,960.2926384269455,794.6904495614604,623.5943248551362,-inf
EVT_00001768,2992.6674139185516,3895.7551906714607,2758.0392716410324,-inf
EVT_00001779,16727.432900094784,16587.60536998377,13516.125886360927,-inf
EVT_00001787,763.6025958560213,635.7012401969728,586.7865562756508,-inf
EVT_00001792,9570.992543337305,7915.617135885113,6470.708737687469,5876.374203071467
EVT_00001798,2242.05950691063,2205.9984379660036,1807.3025223720463,-inf
EVT_00001800,1414.8980783240775,1831.3231603020251,1301.3325839672655,-inf
EVT_00001807,2058.8271245418205,1079.6718807192083,772.2217399948428,-inf
EVT_00001826,1502.1184464563423,1311.0793585370102,997.0899445723476,-inf
EVT_00001842,2930.9220299893723,1606.930862179361,1526.5360758834647,-inf
EVT_00001861,1417.609768206151,646.7752376229492,467.7703020832957,-inf
EVT_00001867,1445.4890814647547,1206.3200846189675,941.1972287293883,-inf
EVT_00001869,7725.642315655173,4106.461864500198,2911.4843864623035,4280.738928246866
EVT_00001910,11411.5593695221,14911.452999767867,10530.947476825395,8622.213685359502
EVT_00001915,354.00798617248034,280.4320073298371,229.69514003934583,-inf
EVT_00001926,1350.8051559027576,1221.4636037324124,835.8080010046488,-inf
EVT_00001943,1505.1429564206958,1248.1780308587718,883.6941501848844,-inf
EVT_00001957,1399.3408336636687,1369.3166083756116,1126.1157954060302,-inf
EVT_00001969,2244.661761321885,1178.9308821645982,842.3756242271842,-inf
EVT_00001970,1503.7573452068475,1947.5910535925345,1383.3736563912948,-inf
EVT_00001993,7864.004789963425,7230.3238319827105,5657.456944075282,5876.643136322496
EVT_00002023,1517.669654668291,1965.7946126430684,1396.2184707607134,-inf
EVT_00002030,2099.778995736634,1761.99600935225,1387.0813786838683,-inf
EVT_00002052,1249.6335561025155,1092.1969883168815,935.0065476538018,-inf
EVT_00002057,4182.073632641214,2525.116432090447,2268.531930148055,-inf
EVT_00002062,1470.9099392121338,1440.3730262211072,1183.966566141423,-inf
EVT_00002070,6357.280654941854,3521.694203034814,2637.587230665999,3607.510584724589
EVT_00002071,953.5973676327799,752.1404694077584,498.7804119534359,-inf
EVT_00002075,1926.823694842166,2501.1521499168894,1773.9780159387522,-inf
EVT_00002096,563.1589287949943,403.0560468891012,284.14207224313026,-inf
EVT_00002102,3512.552594065655,2076.2679012935105,2356.25638804783,-inf
EVT_00002114,2181.2594270017653,1005.9591922795623,722.4460866128127,-inf
EVT_00002147,644.6848921384404,620.0666701562498,516.1119743059604,-inf
EVT_00002150,22006.585201593058,20269.26398306661,15840.786532223681,-inf
EVT_00002174,3334.933912501588,4343.593735037001,3074.0435735402934,-inf
EVT_00002191,131.9453974877336,53.507884072439865,49.846913558109,-inf
EVT_00002194,3407.861329242648,3145.762650150555,2356.9862979704144,-inf
EVT_00002204,39813.23371249512,52073.61917132891,36753.354024581444,-inf
EVT_00002211,530.6000800526377,302.91133567574155,283.4540852469202,-inf
EVT_00002212,1035.8089909518749,859.0484579925445,681.7057967077062,-inf
EVT_00002214,2007.4609791937064,1683.0842705359635,1309.0562870047413,-inf
EVT_00002225,2256.472749477794,1675.1066430743983,1153.5383332911165,-inf
EVT_00002237,591.1371263857153,554.4002722600085,467.6365371477364,-inf
EVT_00002249,2052.5750002841464,1866.428361372981,1272.6242934515926,-inf
EVT_00002254,5184.726331346296,4796.396967266249,3588.530185128728,-inf
EVT_00002256,2664.721661156358,1202.406708229359,928.4962144052917,-inf
EVT_00002270,2181.4713161404734,2834.345788559598,2009.0864595983542,-inf
EVT_00002285,1568.815484441272,1250.2907596921134,823.7968673746423,-inf
EVT_00002290,969.4570800573554,873.8038517721841,693.0551413142323,-inf
EVT_00002292,3542.6556731531196,3235.893760515345,2200.1242710877573,-inf
EVT_00002295,893.505131684579,513.2378881260972,595.6443016705745,-inf
EVT_00002303,2681.785888479356,2452.508176029129,1926.0132092141891,-inf
EVT_00002304,399.41536952948104,348.24631341218276,282.59803600947754,-inf
EVT_00002309,569.5132767154022,533.388658230825,450.34744977393586,-inf
EVT_00002313,2120.383266454992,1611.3780203993208,1114.5978290973462,-inf
EVT_00002315,1076.691441086847,555.0882567363402,401.458602232232,-inf
EVT_00002320,2292.3179549669017,2216.150364974247,1703.0387492438365,-inf
EVT_00002333,648.6306105433531,374.74207540629754,347.61990425797364,-inf
EVT_00002339,370.6034592914026,265.8014349562103,226.4355526164546,-inf
EVT_00002341,3809.356414510944,1771.7374622002972,1265.413496875243,-inf
EVT_00002367,3692.4964717559424,4811.446407498424,3404.170265431738,-inf
EVT_00002387,1930.038231739089,1051.348446759531,1003.5301313025594,-inf
EVT_00002396,5031.99525775552,4975.948389902666,4062.4646101433805,-inf
EVT_00002398,2757.3357127148347,2320.03733082325,1823.018904962783,-inf
EVT_00002413,824.7965715728507,784.586968642737,609.5676700029327,-inf
EVT_00002416,940.813694216574,1211.0075250759573,863.6248168867921,-inf
EVT_00002421,2828.7149239940018,2788.4513291701687,2281.508085991728,-inf
EVT_00002426,3812.2374753802856,2919.9157334924575,2375.6774186801604,-inf
EVT_00002432,10873.92281235387,10005.357794055515,7824.740874107246,-inf
EVT_00002433,975.146535104953,931.2529776480322,721.5955687086062,-inf
EVT_00002434,7008.643779993734,9150.458813244066,6465.868735697198,-inf
EVT_00002436,2025.0889361650404,1659.0662400745214,1365.1699232486808,-inf
EVT_00002450,2053.9106471761156,2667.439052014265,1891.3135536529446,-inf
EVT_00002454,4154.501081788053,5415.9562643015815,3830.725142616184,-inf
EVT_00002456,884.1011359910622,730.3002455966406,581.1286977273767,-inf
EVT_00002477,6203.810599231156,6097.766043295459,5637.856969618068,-inf
EVT_00002483,10967.253749441254,9073.302120295995,7415.415449297611,6770.118357096478
EVT_00002495,1301.3027715044434,1076.4297971018136,763.3390841528404,-inf
EVT_00002499,8063.835107999507,10531.123734636021,7440.0949610422485,-inf
EVT_00002507,2805.4717949215396,2765.3747030372456,2262.7201897222462,-inf
EVT_00002511,2879.524098681029,2777.996188083116,2297.2886533200594,-inf
EVT_00002514,2170.570742875477,1000.9317509779967,718.8814297258525,-inf
EVT_00002518,4309.7762825615755,3815.780640153747,3236.924726450444,-inf
EVT_00002519,4425.514518207603,2061.5485055634667,1470.9011136714746,-inf
EVT_00002526,2667.095991597486,1571.705054125061,1787.9119291583231,-inf
EVT_00002530,4950.245473313849,4084.4074192925273,3344.323251489925,-inf
EVT_00002534,1447.3722248681433,660.7740612471364,477.69602772543516,-inf
EVT_00002537,241.99550463508749,220.26196167057034,190.6099122708731,-inf
EVT_00002538,1016.9598123143404,598.8989856360323,547.857459736741,-inf
EVT_00002550,335.56700616254676,288.40437863581997,203.8735169700203,-inf
EVT_00002557,3238.181942620279,2988.137496785254,2239.3816340684566,-inf
EVT_00002558,2325.965703982709,1727.3111152336164,1189.2180248390118,-inf
EVT_00002560,379.95851123920227,316.6944415096456,248.47708389156656,-inf
EVT_00002564,2305.2576795489417,1382.9282398639336,1248.2244532393606,-inf
EVT_00002577,4467.186739940259,4129.832274922283,3091.2039974082318,-inf
EVT_00002579,10863.428292213976,9648.65219839343,8166.750570221536,6560.841921488016
EVT_00002612,3187.104597639975,3089.0124708841427,2369.75701783301,-inf
EVT_00002618,1018.1070886524236,990.8138441629451,817.9567677050936,-inf
EVT_00002621,4132.193084494393,4082.59197987696,3335.136123450368,-inf
EVT_00002624,2249.935835461485,2923.928177722263,2072.2976786994723,-inf
EVT_00002632,4691.107638415126,4637.502730527973,3786.918180411342,-inf
EVT_00002634,556.4978732220171,318.67215309316214,297.5330960111971,-inf
EVT_00002650,1069.1317055825327,1041.4729445276546,859.2010084045401,-inf
EVT_00002656,1491.8770307653097,1932.0462580950798,1372.40492153999,-inf
EVT_00002657,1603.8566978300555,1131.4330822272163,812.0592567240285,-inf
EVT_00002662,3322.8737140719054,3279.070196078071,2680.946735568213,-inf
EVT_00002671,352.4638723639151,441.1812964294622,320.41922856071653,-inf
EVT_00002679,2846.5819314598343,3704.6096649244305,2623.1629659169885,-inf
EVT_00002685,8348.308177672818,10903.342476350776,7702.740338733063,-inf
EVT_00002687,10244.265494175796,13384.107518553397,9453.220361500955,7714.670696682266
EVT_00002691,2740.918190424712,3566.35396016428,2525.6068309750594,-inf
EVT_00002701,2262.447300276812,2226.2401826863434,1823.7823924331424,-inf
EVT_00002710,1813.7300824459137,2353.1748311835145,1669.562105580897,-inf
EVT_00002717,2006.4544402943404,1604.6528419222298,1054.9991975717537,-inf
EVT_00002721,974.6797971373022,729.8980128415454,509.64723486730486,-inf
EVT_00002728,2374.0932244231776,3086.3818931020087,2186.928439194298,-inf
EVT_00002739,1745.3605815505755,952.354972102405,720.5095120156401,-inf
EVT_00002744,1964.6773934798666,2550.681815738527,1808.9271905200603,-inf
EVT_00002746,982.1563063599351,882.6552069289677,606.3427069892341,-inf
EVT_00002755,10508.981817573487,10413.700371657522,8489.624784421287,6561.323958264657
EVT_00002756,2519.3288538684196,2481.2815565993474,2031.4250023148068,-inf
EVT_00002760,881.4706906788742,805.1273720800658,752.4803834790388,-inf
EVT_00002766,886.342784223036,732.2026401876235,582.614833538634,-inf
EVT_00002769,6997.355611340206,9135.68881080656,6455.446711134914,-inf
EVT_00002772,12345.216040770536,6832.728517337636,6445.920064592735,-inf
EVT_00002775,1950.1303469837578,1559.0464745769004,1025.2434789697327,-inf
EVT_00002780,846.2742780234947,772.1807026240319,722.2348036348011,-inf
EVT_00002782,18996.624200163275,18438.77314339925,15183.521036324848,-inf
EVT_00002783,900.5464987477765,461.0047673009224,334.96264589664094,-inf
EVT_00002784,825.9124788885033,1060.6650485806401,757.540001436136,-inf
EVT_00002798,1986.0881385515777,2578.6967016429107,1828.6950836020285,-inf
EVT_00002803,4248.321698009437,3419.9225726044374,2239.3657331467075,-inf
EVT_00002808,6861.952054976646,6792.796229848009,5541.656089768954,-inf
EVT_00002810,1116.388036918163,1440.7377452083267,1025.7272950040797,-inf
EVT_00002811,714.7272807076911,493.1135698660371,359.1064326541785,-inf
EVT_00002826,1530.9628797322068,893.6684097702981,1024.164911506007,-inf
EVT_00002838,871.4925643683761,845.2495979716741,699.4452512367003,-inf
EVT_00002840,2557.59215746961,2134.9329730863624,1505.1005384279836,-inf
EVT_00002844,6920.438990034555,9035.04727017771,6384.431922013666,-inf
EVT_00002849,3913.81760475467,3277.6385943707455,2305.868077612635,-inf
EVT_00002857,1073.9343004746625,1385.1891606683675,986.5310447038509,-inf
EVT_00002859,6266.421313178171,3327.054849189983,2360.618180619698,3424.971973123822
EVT_00002863,1737.0066876605595,2252.7861177636996,1598.7257166592235,-inf
EVT_00002864,787.8116916717634,459.44456697680425,423.2839551126026,-inf
EVT_00002869,439.5880361562014,369.5342358438621,288.257001021216,-inf
EVT_00002871,1460.3903416772437,1210.471125611647,857.2704893901902,-inf
EVT_00002874,884.6463436682421,471.0599544789703,457.26674604893105,-inf
EVT_00002875,1029.1164021507966,983.9004463949746,761.8092851374728,-inf
EVT_00002897,2930.829519793001,1612.7896287330295,1213.2838991453627,-inf
EVT_00002900,9011.669354131405,7572.900759041525,5315.83534275167,5176.475445450586
EVT_00002901,5167.376412571624,2848.3684096983397,2695.1821653888956,-inf
EVT_00002916,1146.5355547684574,964.5236111970371,883.5568635913223,-inf
EVT_00002926,11042.017315994563,5173.63218625785,3677.49286875158,-inf
EVT_00002930,2425.4530574014593,1943.9215939925257,1276.3539360586476,-inf
EVT_00002931,12728.846889527986,16635.057640925017,11747.159185781416,9646.373134922875
EVT_00002948,1571.7365218393181,1313.4255437665245,1023.8370630583643,-inf
EVT_00002949,5462.426465229828,7127.311019395153,5038.293074160526,-inf
EVT_00002958,5225.119365849862,6816.806583834249,4819.194609701517,-inf
EVT_00002963,2736.735771227298,3560.8814744461315,2521.7453298810274,-inf
EVT_00002970,810.5178862211962,588.876953458502,411.1433109363523,-inf
EVT_00002979,308.85485799806446,167.96215544521323,162.90507368385806,-inf
EVT_00002982,8761.14012562725,7777.576829111205,6585.355262776293,-inf
EVT_00002992,2196.302689014599,1203.5785902807409,907.956617096286,-inf
EVT_00002994,937.1570611349055,500.2082245344535,484.7059127506841,-inf
EVT_00003004,322.72166578992557,298.2456357790862,288.5409087561638,-inf
EVT_00003005,3550.5013638059836,1649.9845356794065,1179.085804119267,-inf
EVT_00003018,1570.3475855361203,1539.098347609748,1264.3440479594751,-inf
EVT_00003021,4030.0300617883254,3695.539827478481,2896.8130478925577,-inf
EVT_00003039,1432.2816577873377,1402.0214597939566,1152.7425367857,-inf
EVT_00003042,16836.202619214906,16695.59591355012,13604.046673347852,-inf
EVT_00003067,2153.8269513251275,1980.81642374458,1487.815949867282,-inf
EVT_00003069,3554.694061947496,3434.0500771244015,2837.1126284703005,-inf
EVT_00003076,2052.0765275287235,1521.5601871177016,1048.5954048366607,-inf
EVT_00003080,3335.7095031011427,3221.2656238941554,2662.0261739706866,-inf
EVT_00003089,18371.35423856183,24017.99546342455,16956.71549110094,-inf
EVT_00003093,1854.2150665346207,1702.489337406889,1280.1551625835637,-inf
EVT_00003102,360.3328858699582,312.2136976829353,254.45679157991975,-inf
EVT_00003104,1208.611792128547,998.3317910606918,708.6107735994323,-inf
EVT_00003105,7585.869214776172,4190.853996010403,3958.9513608642833,4222.556755956325
EVT_00003106,2945.8567310980134,3834.5057603535793,2714.8203845826392,-inf
EVT_00003109,2334.31238574605,2297.5904601904604,1881.8724097876968,-inf
EVT_00003112,25211.323390554895,14025.439040630334,10474.814385460815,-inf
EVT_00003124,529.3231829560524,408.6000201224188,274.63861920893316,-inf
EVT_00003126,337.9033190924399,422.129542871197,306.9759102959486,-inf
EVT_00003127,429.58294926194446,219.32425257030644,173.56855436278317,-inf
EVT_00003132,825.7665683728881,799.8511616916984,662.4839941312705,-inf
EVT_00003133,2849.4937471544845,2647.355037678406,2443.675422949525,-inf
EVT_00003136,1937.3407894588124,1624.141389441707,1279.3904252048164,-inf
EVT_00003138,1337.3069243863783,1307.7270811010007,1075.9725186957958,-inf
EVT_00003146,292.27076662182776,248.6127733599572,176.92379408795054,-inf
EVT_00003149,2998.7179720566783,2554.9822014084116,2318.9850041839427,-inf
EVT_00003156,11381.734881066226,10065.750827618418,7587.9578676113415,6459.330233261001
EVT_00003165,14725.877717247247,13086.303657951277,11072.184512662086,8982.410118564281
EVT_00003175,3333.974721944604,3232.2839055278373,2479.192038779826,-inf
EVT_00003177,1022.9910633651734,1318.5324903637008,939.4966953126058,-inf
EVT_00003188,1186.4170677422312,1532.3672191925348,1090.3829802372425,-inf
EVT_00003191,4598.791183088342,5997.287575037706,4240.924749891182,-inf
EVT_00003208,624.4712046080072,599.9977840586289,499.7728375502539,-inf
EVT_00003210,9822.134629303651,7554.61945108506,6128.755902204663,5464.903722508607
EVT_00003216,2516.160127657792,2478.1355296658703,2028.8636561567203,-inf
EVT_00003217,4889.763231410192,4312.989133325649,3257.048060920445,-inf
EVT_00003218,655.6247113795175,523.5994930280108,438.5939797152697,-inf
EVT_00003219,1292.4491285835004,1240.780854737218,958.0222492755909,-inf
EVT_00003239,1588.8318217647823,1557.4501713883649,1279.2852338816472,-inf
EVT_00003243,5888.857128393141,5826.672101611894,4755.083572617194,-inf
EVT_00003261,7291.006869540222,7218.777495767364,5888.469865350172,-inf
EVT_00003271,1688.3042892559185,1656.2100645015496,1359.6908623607771,-inf
EVT_00003278,1445.412460059315,1308.4128756124962,894.6962706716029,-inf
EVT_00003285,3530.332424422293,3485.0427689553767,2848.639851160014,-inf
EVT_00003295,342.570248295003,268.63707667122685,197.26661818962785,-inf
EVT_00003296,1885.6648611328771,1852.1568372611805,1519.221446239994,-inf
EVT_00003313,862.1240599984752,774.8467460638092,615.7702691665636,-inf
EVT_00003326,1438.6462409800367,1862.3964398640933,1323.2585439795798,-inf
EVT_00003338,323.069765965647,280.11849065296957,218.91942827936384,-inf
EVT_00003342,2135.439772514684,2774.115822794278,1966.5869281834093,-inf
EVT_00003348,6341.898550547888,5826.9977357767875,4561.468160345293,-inf
EVT_00003360,1405.6017997674708,1285.7461113528252,969.2216219200293,-inf
EVT_00003371,2718.242217642419,2021.9969360043417,1390.6241257678823,-inf
EVT_00003376,700.759242086167,506.4241044927061,354.7900504460948,-inf
EVT_00003381,2496.3428119267824,2405.66390575415,1990.920691661752,-inf
EVT_00003384,2803.292957799563,3647.968214384126,2583.195566366983,-inf
EVT_00003388,5790.680924534493,7556.815513247432,5341.360484168008,-inf
EVT_00003408,286.67478107806545,248.35062271939643,241.35024783131666,-inf
EVT_00003414,713.8049557378777,636.0256813057309,439.3075415566316,-inf
EVT_00003423,344.22101185273107,163.85718886980433,124.94585634988832,-inf
EVT_00003426,3866.8000734971356,3260.505300344781,2526.1540298084196,-inf
EVT_00003433,6375.697669841737,6310.025144411527,5148.606732257145,-inf
EVT_00003437,1029.8544127035764,995.5707133220255,931.7341342007606,-inf
EVT_00003451,7019.93818176082,9165.236971397995,6476.296515104629,-inf
EVT_00003452,818.7090547097689,674.804677671111,537.7759930618386,-inf
EVT_00003453,3816.365098446105,3769.0264382655528,3079.84590747404,-inf
EVT_00003455,2041.2518973595327,1861.9593418094269,1464.798313902615,-inf
EVT_00003462,5649.467407766427,5588.997257328011,4561.579968816982,-inf
EVT_00003465,648.9356856363654,829.0997922536603,594.1426831606408,-inf
EVT_00003469,746.7352147079773,322.55515277119264,256.59373650699547,-inf
EVT_00003473,549.0500408695036,698.4044366153041,501.9212896705268,-inf
EVT_00003478,617.8947801175528,788.484324479619,565.4835543256474,-inf
EVT_00003481,733.8641661764533,325.17429602962085,239.74237643719016,-inf
EVT_00003510,2328.130245046526,3026.241640217313,2144.4922110759762,-inf
EVT_00003569,2571.6012007693284,1407.4748068833119,1338.775089021302,-inf
EVT_00003574,3917.7411230747616,3869.67625232046,3161.790220092094,-inf
EVT_00003594,2803.3548042474026,2141.8870673177234,1745.6473618500343,-inf
EVT_00003602,7845.121542729083,7603.002766901387,6267.472010223889,-inf
EVT_00003611,2292.048704433161,2086.517755060036,1421.6845821237562,-inf
EVT_00003628,1049.1995445329312,473.4928435948117,344.90615664434154,-inf
EVT_00003633,683.1971008420209,360.61481676153994,278.9905979783534,-inf
EVT_00003636,14007.218824865913,10502.49786155046,7186.711025608291,-inf
EVT_00003638,698.726802411115,353.2077393760516,258.77428909766064,-inf
EVT_00003641,7377.363364071617,7304.515372635753,5958.273584823303,-inf
EVT_00003643,5133.439910788592,4987.657644180962,3819.999174108174,-inf
EVT_00003646,7527.510458808221,6443.830754665073,5828.76682573117,4897.099238416266
EVT_00003660,2037.86037976428,2646.438082231503,1876.494827397903,-inf
EVT_00003664,2051.0371818258805,2663.6792667444192,1888.6605700399064,-inf
EVT_00003678,4115.101570987969,5364.403980807663,3794.3487664382737,-inf
EVT_00003685,2838.485116948,3694.015389294214,2615.6874220702703,-inf
EVT_00003690,1988.22609650197,2581.494112375139,1830.6689954876517,-inf
EVT_00003696,7637.670900925865,9973.50924725068,7046.630443456439,-inf
EVT_00003706,1590.230471978631,1558.838802324204,1280.4157914349419,-inf
EVT_00003711,3770.549876316974,2274.672282508381,2044.8121963023514,-inf
EVT_00003719,415.80682031358805,390.0397336760059,373.2092274564349,-inf
EVT_00003728,6864.689094326227,6063.039575066782,4574.556246225554,-inf
EVT_00003729,25199.268890941516,32951.979279056504,23260.72249174379,-inf
EVT_00003762,2991.452468722298,2518.722585688101,1978.230275843998,-inf
EVT_00003764,2641.294336427286,3436.001144615585,2433.6271409811443,-inf
EVT_00003773,924.8907739797684,495.2643827511637,379.4575506006323,-inf
EVT_00003780,527.6704613655825,670.4303292930225,482.1821708142964,-inf
EVT_00003799,4641.017389470202,4587.7713047718535,3746.429208450819,-inf
EVT_00003801,5187.833918590328,5020.950876317687,4142.869841252717,-inf
EVT_00003815,601.7759484565792,767.3936418162313,550.6015247739823,-inf
EVT_00003816,2728.2123125262797,2408.159441352133,2047.2315719201429,-inf
EVT_00003836,9870.495093187705,9779.787468470053,7973.522915787188,6147.493199173386
EVT_00003845,3770.983837678209,4914.143188665237,3476.6352755301787,-inf
EVT_00003849,4719.121440325426,6154.733680535271,4352.022035465388,-inf
EVT_00003860,2642.056057487735,2603.1295997536367,2130.627909283778,-inf
EVT_00003865,4046.462524487334,5274.593231585224,3730.9764116730234,-inf
EVT_00003866,3289.9432988399835,4284.725773913902,3032.505101264996,-inf
EVT_00003869,10683.64870274605,8630.692424627825,5639.114725270329,-inf
EVT_00003877,1096.9827447238947,988.1869657856396,677.816366740526,-inf
EVT_00003904,2368.77953769645,2331.8107055346377,1909.7329131446136,-inf
EVT_00003914,892.7002906624144,1148.053550026193,819.2031671925524,-inf
EVT_00003923,4368.406438441641,3850.996760360231,2909.2416672230775,-inf
EVT_00003931,2008.3608149724853,1704.5680990177812,1551.4652829907673,-inf
EVT_00003933,1145.5471957706,999.5582015936117,856.7101064645842,-inf
EVT_00003936,9111.758625596658,11902.279090681683,8407.61103694521,-inf
EVT_00003942,5009.6033516555935,2770.8919100921257,2077.3862538608887,-inf
EVT_00003945,2356.241587193081,3063.023921273724,2170.4465626916026,-inf
EVT_00003957,1301.0234047249096,957.3543317351587,662.9830222773818,-inf
EVT_00003963,6533.00735061029,8528.112404629297,6026.7280121749745,-inf
EVT_00003964,1760.1821851553427,1334.2469298777717,924.4056336383446,-inf
EVT_00003973,1881.1206988198342,1847.645227208227,1515.5483069693314,-inf
EVT_00003976,337.92755653636266,168.26226699621802,135.46934440419514,-inf
EVT_00003999,1159.0580242705794,525.1649719723258,381.54376158812084,-inf
EVT_00004004,1663.6429410829642,2156.79333549453,1530.9911892721009,-inf
EVT_00004005,2286.078965517641,2081.0312394400607,1417.9687210892137,-inf
EVT_00004014,681.3312632792807,558.0259589311662,440.9900537666342,-inf
EVT_00004015,2197.0009166188456,2161.2626264064493,1770.880742937276,-inf
EVT_00004021,3195.5577693255987,3097.2585184749837,2376.055596423197,-inf
EVT_00004024,1660.0961687346146,1510.5477472395776,1190.3480865730512,-inf
EVT_00004038,4506.302474692452,2722.4348502123926,2444.794877630611,-inf
EVT_00004046,1992.0641510863582,1044.0120801915107,747.0182472985672,-inf
EVT_00004050,12585.994795722132,12475.834597240455,10168.516824394384,7907.525569921558
EVT_00004053,771.8269036436913,729.9741833187771,612.1048623624885,-inf
EVT_00004058,6804.136669172334,4120.845323175912,3693.9836462264125,4680.564373864591
EVT_00004074,347.3585529023907,324.8702381857318,275.77701758234366,-inf
EVT_00004081,458.7572701423184,435.4709469551356,365.82287748064596,-inf
EVT_00004082,1164.4502578556308,961.1229084525501,682.536109392878,-inf
EVT_00004083,3205.6150849561263,2388.121005186598,1640.8554434381745,-inf
EVT_00004084,21503.905186948894,28116.781242004654,19848.904997544163,-inf
EVT_00004120,3960.0485493114043,2186.1761548831455,1641.108500981926,-inf
EVT_00004125,7866.386031994932,7790.034910173459,6353.560601890802,-inf
EVT_00004131,3875.236085040626,3827.4757005607776,3127.4325291363675,-inf
EVT_00004132,642.800560971672,462.884405019824,325.0323882568759,-inf
EVT_00004133,6401.811111117449,6293.020361395243,5817.954113238795,-inf
EVT_00004138,6393.098883687546,8345.049193854973,5897.554757992191,-inf
EVT_00004141,1597.5197029686465,1566.0758166620194,1286.3078258205771,-inf
EVT_00004142,5527.819660328753,5468.220937634576,4463.249608341424,-inf
EVT_00004146,408.84246496103236,198.37314896539922,149.34091003221553,-inf
EVT_00004153,820.63926481844,1053.7653124889052,752.6714024412756,-inf
EVT_00004155,3747.830060133963,3621.7178194971393,2991.5321790397925,-inf
EVT_00004164,640.9449033183355,322.3449588689097,236.96121522770625,-inf
EVT_00004169,3087.6509264474457,3045.532434831252,2490.8113488769873,-inf
EVT_00004181,7555.284395053715,5404.053414416503,3843.9193333252165,4025.5454339781136
EVT_00004187,3272.3656111211844,3228.923909627427,2640.1200036747555,-inf
EVT_00004201,4503.9239346909635,3626.8871026165925,2374.3990338481267,-inf
EVT_00004205,2474.2529887591913,2031.4825737463138,1669.0731565725716,-inf
EVT_00004207,6881.00320452586,5685.260629413844,4650.668926063775,-inf
EVT_00004221,4302.184218991642,4251.365377145238,3472.543431722375,-inf
EVT_00004229,1879.2369575126195,983.7482092358007,704.4251870737406,-inf
EVT_00004235,2339.9232958982516,3041.672255684881,2155.380378095215,-inf
EVT_00004242,1821.6437988155292,994.8529902080099,752.2188334692688,-inf
EVT_00004249,5454.710217949967,5301.056015928511,4059.382254637691,-inf
EVT_00004250,713.427601442588,528.8961012626203,371.70170597443865,-inf
EVT_00004265,2453.3562653482795,1966.5151925209318,1291.0950522481428,-inf
EVT_00004266,4843.57792230819,4788.880788396677,3910.163027050998,-inf
EVT_00004273,2126.638616170796,2762.5999512085455,1958.4610868350137,-inf
EVT_00004274,1209.4248532667164,959.2873864920165,633.93271047709,-inf
EVT_00004287,7657.866188853768,9999.933768453071,7065.276141734628,-inf
EVT_00004294,1673.001718377099,1427.6954805876233,944.2840825203867,-inf
EVT_00004303,5420.890892919826,4160.47472870278,3380.2540984781635,-inf
EVT_00004306,900.5976455403934,1158.3868427309542,826.4945559945477,-inf
EVT_00004333,1778.276132528041,2306.7851161837657,1636.8285463814104,-inf
EVT_00004341,6699.088661363054,8745.42146865326,6180.065861132484,-inf
EVT_00004349,2279.9565438252807,2243.6239981777367,1837.9354718451339,-inf
EVT_00004351,750.4135626608162,725.0379497791203,601.5746195587486,-inf
EVT_00004358,7544.915186073192,5784.898102650691,3978.841410507778,4465.647568129257
EVT_00004359,1646.539693287786,982.0472133173052,890.1206735644588,-inf
EVT_00004360,8159.588198477419,10656.411850287592,7528.50089219951,-inf
EVT_00004363,2463.864603254423,2022.8692298687024,1662.0444018766416,-inf
EVT_00004379,11183.287915900655,11083.176055492286,9034.68018508416,6998.3707970991645
EVT_00004410,20160.719080109546,26359.289599120373,18608.78190699991,-inf
EVT_00004411,1915.554225529312,2486.406614628643,1763.5732559119112,-inf
EVT_00004420,1388.221148912357,1104.0611246902506,728.3898414774721,-inf
EVT_00004423,3416.6844100318363,2546.6804272615445,1749.2245359249703,-inf
EVT_00004437,1429.1651633274346,1398.927290447295,1150.2234106192302,-inf
EVT_00004441,1030.0873787352791,464.50340293418174,338.53228380551667,-inf
EVT_00004449,1313.146837912306,1283.74006622176,1056.44342701793,-inf
EVT_00004456,2696.838962747196,2380.236579512108,2023.6317301344025,-inf
EVT_00004460,1251.9441246040567,1143.0044672703154,862.7215949970938,-inf
EVT_00004464,2725.9686494258394,2639.1755201821297,2026.1580565665677,-inf
EVT_00004471,5262.192190254698,5204.496298907011,4248.537495419033,-inf
EVT_00004472,2535.3690433270326,2453.2460866939427,1884.1395760577961,-inf
EVT_00004488,1709.5161835779784,1677.2700067027567,1376.836870067383,-inf
EVT_00004491,4683.2748042534,6107.830155401031,4318.925921021603,-inf
EVT_00004498,3290.6929881015476,2908.7776508314055,2470.3440238765065,-inf
EVT_00004510,2728.637817382374,2487.7669590209407,1693.4392594842316,-inf
EVT_00004513,1219.536144946311,1121.5837929463225,1042.9925385029253,-inf
EVT_00004515,6270.75611664157,2929.461123592661,2086.2858602172023,3020.6432941801913
EVT_00004523,1859.942386364885,2413.641312725029,1712.2285275051217,-inf
EVT_00004539,6615.540007231696,8636.102245753009,6102.927916774202,-inf
EVT_00004546,2930.9488872929132,1729.1706980115398,1965.2827496033537,-inf
EVT_00004557,879.8086378590368,803.5715571335309,751.0521199863942,-inf
EVT_00004571,712.5102249318005,634.8357530874738,438.50163700693406,-inf
EVT_00004574,2565.647843843228,1541.3958671977862,1389.7823034404996,-inf
EVT_00004580,3809.230222470063,4964.186664621365,3511.9470053557848,-inf
EVT_00004581,3714.192772527751,3285.7002954671034,2788.9114697861833,-inf
EVT_00004594,2952.911020962115,2371.011321167004,1555.0071697922315,-inf
EVT_00004601,392.6298543971562,282.78771819321315,240.1906614683668,-inf
EVT_00004612,2785.4234756659084,1290.1288108488775,923.9337076781305,-inf
EVT_00004625,1222.7436535582233,1579.8987344911518,1123.9222177573913,-inf
EVT_00004626,1884.9404145241454,1579.671347969852,1244.6507757794668,-inf
EVT_00004630,1004.9253653835208,913.5342258856124,691.5130661717077,-inf
EVT_00004634,1002.3330999335841,975.1528529446465,805.2063302368161,-inf
EVT_00004655,10902.851833270897,9683.739879432542,8196.405973234869,6585.558566998202
EVT_00004658,1976.0104531352138,1656.9587414079153,1305.027084507145,-inf
EVT_00004659,4066.7745181805676,2899.5991914534025,2066.7535236062076,-inf
EVT_00004661,2097.351678603211,1555.571769739438,1071.8409760838558,-inf
EVT_00004666,2420.5528097202787,2383.213097977037,1951.5823070572344,-inf
EVT_00004667,9433.661542185728,12323.47290950148,8704.814259747298,7084.44556763805
EVT_00004694,1188.1436401977958,1534.6263526410105,1091.9770723431245,-inf
EVT_00004696,3497.065954264713,3204.166478456422,2513.0535777251957,-inf
EVT_00004698,84.27909625147666,63.11017639236316,71.658511421141,-inf
EVT_00004700,785.510276566644,616.0381165674029,409.980896711945,-inf
EVT_00004703,17608.94680580818,15583.899728468396,11742.241750634206,-inf
EVT_00004707,2713.881310878906,2627.384352013365,2017.1516085000344,-inf
EVT_00004716,5460.014250282885,7124.154757140424,5036.06594908841,-inf
EVT_00004721,479.1605737328586,406.4617770732746,355.4369252785086,-inf
EVT_00004730,2130.292549342331,1166.803789590283,880.5175969144705,-inf
EVT_00004736,1598.152315114414,1336.2860918474228,1054.5201126825307,-inf
EVT_00004747,3043.006039012915,3961.62075648334,2804.5154010529614,-inf
EVT_00004758,5873.662365332074,7665.392565953418,5417.97473761786,-inf
EVT_00004760,5598.9815170583715,7305.986454735254,5164.370221653907,-inf
EVT_00004769,3994.1215088556833,3060.1807970250093,2489.2609018995918,-inf
EVT_00004780,3715.04282731018,2988.1195795140347,1957.6373451648408,-inf
EVT_00004805,560.7682943585332,713.7371834858258,512.7403985479941,-inf
EVT_00004808,2476.559378203049,3220.4537153384476,2281.5323385755137,-inf
EVT_00004810,8309.13501930432,3888.2162109736,2766.081549542577,4083.8022123367537
EVT_00004813,5414.447743617006,5355.6611644743625,4371.608770982042,-inf
EVT_00004815,1168.1166463359593,1508.4220357819752,1073.486754883921,-inf
EVT_00004833,1461.3347743311365,1892.0832476346775,1344.2061803168037,-inf
EVT_00004868,863.298827059665,822.1458214504902,638.2562488112395,-inf
EVT_00004878,411.5993371069188,358.28223715738653,251.19980375069014,-inf
EVT_00004885,4620.617989048303,4567.518036143332,3729.939956169363,-inf
EVT_00004900,2075.536933435321,1218.666563700798,1390.2459675573903,-inf
EVT_00004902,1186.9922832338714,1070.9106402997538,733.8427594554295,-inf
EVT_00004907,2016.997671961543,1613.1898368059271,1060.5691307247878,-inf
EVT_00004912,2317.029069799738,3011.71630927242,2134.2428318681204,-inf
EVT_00004936,2332.6200141144236,1050.0593591325267,812.1554967871986,-inf
EVT_00004950,5345.6553158343595,6974.521827973688,4930.481805165594,-inf
EVT_00004972,523.4904206094292,403.87715488691003,271.5572019173747,-inf
EVT_00004986,2805.1642079450503,2765.069319470443,2262.471560882725,-inf
EVT_00004988,2012.0018590800503,1977.5888158598339,1621.3422237407049,-inf
EVT_00005016,801.3586844727832,761.7233690799104,592.1037665856184,-inf
EVT_00005019,1140.3525205642675,994.9348445370143,852.8025379753727,-inf
EVT_00005020,12250.522934846113,11274.532590077257,8815.958342943164,-inf
EVT_00005029,890.2595102547265,735.5266043630771,585.2114884176443,-inf
EVT_00005038,1637.9371805464186,750.4066219523128,541.2490969008209,-inf
EVT_00005077,2225.78793220891,1026.9032527018176,737.2962628250848,-inf
EVT_00005109,1939.1675844584772,1905.2762920225837,1562.4687909861493,-inf
EVT_00005116,6425.741699390764,8387.760680749081,5927.6928820301155,-inf
EVT_00005120,2573.2566577849975,2388.7749328232494,2206.2946698520163,-inf
EVT_00005127,4127.292087269266,3637.33695433779,2748.3899931277847,-inf
EVT_00005133,993.0353866661677,822.7482605443829,653.3483656893831,-inf
EVT_00005144,1838.363347227108,2385.406222477292,1692.3052536041687,-inf
EVT_00005148,156.33907977130235,114.24748560784778,116.16166986761789,-inf
EVT_00005156,672.5797415024039,636.0998360528921,496.1487424566702,-inf
EVT_00005167,3072.3296129015525,3030.3208760320213,2478.426818002722,-inf
EVT_00005170,1119.055698039998,1008.4732136201865,691.5556656119302,-inf
EVT_00005193,1314.282855776188,1200.9145779632197,905.9285258654219,-inf
EVT_00005198,3443.0744040051077,2834.763507215432,2324.5752140194904,-inf
EVT_00005199,1009.8004266221237,961.2099665036989,802.373713383671,-inf
EVT_00005217,4848.087720799595,4294.887781172084,3641.856455555806,-inf
EVT_00005220,1239.5576586040472,668.0683244381719,642.7235671453949,-inf
EVT_00005228,1901.416734285959,1035.460887468691,988.5741360741793,-inf
EVT_00005241,3007.282702509477,2513.8256672797693,1770.615089763851,-inf
EVT_00005242,1170.7452612282698,927.9680064614207,613.4984879501426,-inf
EVT_00005245,739.127796791549,549.9994958032693,456.57272906114787,-inf
EVT_00005247,9082.668684621498,11864.216362147254,8380.753174641412,-inf
EVT_00005249,3314.2545366045374,2727.954820179306,2237.4160257601357,-inf
EVT_00005251,3510.1323277647816,2994.1308228407665,2715.3274760886534,-inf
EVT_00005264,5321.707693544545,6943.187565486165,4908.371690108556,-inf
EVT_00005267,2316.642616759142,3011.2106548543497,2133.8860314689696,-inf
EVT_00005274,1759.9069867104542,1597.4504964006044,1090.4532331949852,-inf
EVT_00005283,907.2029496071365,783.9040616768349,600.2112306005876,-inf
EVT_00005285,2223.1456875971876,1694.4422473736115,1383.3166437239972,-inf
EVT_00005289,3537.0580081714247,2132.5743563172964,1917.8772677741888,-inf
EVT_00005295,4818.645966628965,4764.127433623384,3890.010017719239,-inf
EVT_00005302,4950.447930206232,4544.13132570468,3559.5576277439877,-inf
EVT_00005313,1834.7980062719353,2380.7411526847714,1689.0134821797478,-inf
EVT_00005319,12555.591265069968,16408.361347301066,11587.197510059032,9511.671042719125
EVT_00005321,56321.44997378665,51906.31005488828,40549.11892824395,-inf
EVT_00005329,1132.439975762118,512.6451262310347,372.6666903965635,-inf
EVT_00005348,6629.45603609018,5347.958710217404,3497.3063257603494,3632.2633843341096
EVT_00005354,1112.0448314580108,815.3899162475014,565.9559603059779,-inf
EVT_00005356,11554.270478010878,9782.380475919372,7558.2661958299595,6882.560711659997
EVT_00005358,665.014287467432,569.2922713707075,438.64286454252436,-inf
EVT_00005361,4343.945898530748,2391.2888618817187,2264.9033912239483,-inf
EVT_00005367,1032.058615581661,928.5181505002556,637.4043746760102,-inf
EVT_00005373,3866.4622915603277,2333.042432228384,2096.9537790931035,-inf
EVT_00005375,2141.792009544258,1954.6536357362895,1537.191969756575,-inf
EVT_00005377,6641.63182058546,8670.24207468918,6127.017698562008,-inf
EVT_00005379,17168.219960257058,22443.75461279226,15845.89801617786,-inf
EVT_00005389,5225.094059176941,2880.407003558475,2725.342182300522,-inf
EVT_00005391,488.8949903104322,465.39277454771246,390.1838126435469,-inf
EVT_00005401,1178.5867411974386,683.3726864720456,787.2857799261494,-inf
EVT_00005404,3122.4788289350504,2759.063936516033,2343.809000667179,-inf
EVT_00005410,1138.6144275597817,946.2952006959293,749.8622713747583,-inf
EVT_00005412,1168.8085219408968,1509.3273203046497,1074.1255426953035,-inf
EVT_00005415,3232.687732362934,2660.3251645789946,2182.2281375091634,-inf
EVT_00005420,1718.4173763126944,937.3446872051978,709.3097909431575,-inf
EVT_00005428,3499.7087805419933,2813.76073835678,1843.877514789289,-inf
EVT_00005429,1890.4063433931024,1856.864353753215,1523.0540832567647,-inf
EVT_00005436,2387.5824919505126,2197.9656819692545,1649.8317511835075,-inf
EVT_00005456,1812.2396841236762,1506.9264253286744,1065.0158407833403,-inf
EVT_00005457,1359.830083469874,603.8045197427194,471.3710422959161,-inf
EVT_00005458,2482.237744654382,3227.8835729975144,2286.7750025049672,-inf
EVT_00005459,4579.138974692331,3419.9391250606577,2346.0623103585826,-inf
EVT_00005477,5506.47159897906,3266.225430994472,3696.636029780748,-inf
EVT_00005481,8533.107063910227,6560.549054138559,5323.780127005278,4714.896854357446
EVT_00005488,2936.3867494063165,2471.990576142132,1941.7235946079006,-inf
EVT_00005489,607.9982951233427,472.3043046574754,316.2022620664115,-inf
EVT_00005497,833.6972727914181,682.4426226298162,487.24685681466843,-inf
EVT_00005502,358.261577394068,309.26192723424606,217.9997416053419,-inf
EVT_00005509,2970.765257895797,2501.1662013198875,1964.5153653572509,-inf
EVT_00005528,1365.880873304009,1767.1866063712898,1256.0764817266256,-inf
EVT_00005530,1664.4111650633276,1632.488099510477,1340.377561751175,-inf
EVT_00005540,221.27556676779804,150.642968697331,133.18282531237168,-inf
EVT_00005544,11215.07964150838,11114.740040000688,9060.37808664826,7018.976384402054
EVT_00005553,1429.4553397203492,1399.215388151826,1150.4579661282125,-inf
EVT_00005565,696.4654527067847,368.0067265157099,284.5059714710357,-inf
EVT_00005566,1635.6372739419126,1603.9203311291953,1317.119037480491,-inf
EVT_00005589,9134.046514173415,7731.689330421508,6050.55922324691,6122.134665933313
EVT_00005604,2745.2065725526118,3571.965093061577,2529.5661644366005,-inf
EVT_00005610,1645.4858607174353,1613.6983672209735,1325.07985145535,-inf
EVT_00005618,3105.6176647029697,4043.5449279271643,2862.3228205604933,-inf
EVT_00005642,19519.02265637929,19359.197478836257,15772.62494053346,-inf
EVT_00005646,1305.2576108389544,1687.864108465602,1200.1048578211748,-inf
EVT_00005656,2860.123616763082,2819.635024708591,2306.896374283971,-inf
EVT_00005661,4071.762732419234,5307.697284535994,3754.3353281270875,-inf
EVT_00005680,1375.6169966815962,1779.9258354200956,1265.0655498471594,-inf
EVT_00005683,2395.1667102258325,1779.2962701251608,1224.7478217104922,-inf
EVT_00005687,2508.0202954568986,2212.184471697993,1881.5974652049933,-inf
EVT_00005693,1205.5090945703685,1557.3481785884962,1108.0100709243075,-inf
EVT_00005695,4062.3444978331036,5295.373997024633,3745.6397571090797,-inf
EVT_00005698,7657.927990381868,4070.2939227933402,2885.921751754347,4241.027546722764
EVT_00005706,6146.1412831280695,5689.511813087583,4254.886214139187,-inf
EVT_00005712,3058.0070203299783,2951.425726193405,2439.9925138336807,-inf
EVT_00005733,19192.138949760953,19034.655414682224,15508.398159664908,-inf
EVT_00005738,4646.009081956917,4249.9357140112725,2886.9060545330444,-inf
EVT_00005748,3697.3583003311783,4817.807866306406,3408.659044646857,-inf
EVT_00005750,1356.1451758143965,1326.4303840791454,1091.199862338926,-inf
EVT_00005764,2103.4585737268644,1764.526447969657,1371.8949891967482,-inf
EVT_00005774,11400.115373029621,14896.479104419846,10520.381581134421,8613.3162525891
EVT_00005780,2708.1694117910088,3523.5038260910246,2495.3708745696267,-inf
EVT_00005784,6961.38431299702,9088.62217134391,6422.235499788178,-inf
EVT_00005799,4151.6525738408145,3098.8029455632227,2126.578435597963,-inf
EVT_00005800,3658.9124559054676,4767.503407424822,3373.163159776528,-inf
EVT_00005803,3900.236864098908,2987.7789736768295,2430.6315391758108,-inf
EVT_00005821,4286.947785624369,3618.1561401437402,2837.0991903789104,-inf
EVT_00005823,3171.5461281747453,3061.7502034546064,2530.771333784806,-inf
EVT_00005825,4337.29898594749,3491.968665858309,2286.3719606106174,-inf
EVT_00005830,4932.090520898808,3685.08325799842,2527.2778363024277,-inf
EVT_00005833,2544.406819281819,3309.228688575484,2344.1738280070203,-inf
EVT_00005846,621.2217696644088,358.06166816499876,332.71943133940584,-inf
EVT_00005847,1266.3030404251415,1215.2754118944047,938.5404266868621,-inf
EVT_00005867,5439.167044149416,4174.568904339675,3391.667243858969,-inf
EVT_00005873,1621.053008434023,1589.4405404994734,1305.330277599041,-inf
EVT_00005882,4417.039703550125,4052.3485151402433,3175.4783707081074,-inf
EVT_00005896,3200.915737891148,4168.23767628004,2950.3086480219818,-inf
EVT_00005897,1103.1363942652779,993.8425053002534,681.6467028531504,-inf
EVT_00005902,1175.0061330126443,884.0248569948413,615.4228907618331,-inf
EVT_00005907,8441.836914950894,6321.673675250722,4329.283084795071,4223.8593703796005
EVT_00005927,3749.1367746574383,4885.557402611419,3456.464543287879,-inf
EVT_00005932,1908.5947392094463,1841.8293389115624,1417.121117233817,-inf
EVT_00005947,5181.824936473062,5124.704758660139,4183.5750016512975,-inf
EVT_00005952,1891.8372284411428,2455.3741136486774,1741.676070125335,-inf
EVT_00005953,1058.8176116447594,953.1111271701989,654.0604985369445,-inf
EVT_00005955,653.3872446269419,502.08329474580546,350.150296328126,-inf
EVT_00005958,5513.943544215702,4714.792207280601,4268.266852729541,-inf
EVT_00005965,4525.464835192095,5901.343727067059,4173.224751574944,-inf
EVT_00005972,2341.633273550493,1785.8173310134136,1457.310124480287,-inf
EVT_00005975,807.9671961798458,722.5659153607888,497.9187815346272,-inf
EVT_00005982,2455.1186713232228,1873.3348344712529,1528.1798238555923,-inf
EVT_00005990,4975.90568565145,2949.587241573996,3339.9717184073547,-inf
EVT_00005999,7726.312083607179,7650.964386242314,6240.335966594869,-inf
EVT_00006007,3845.170355245459,5011.212525501912,3545.129442476783,-inf
EVT_00006009,2705.9504233643625,3520.6003910453296,2493.322149697085,-inf
EVT_00006017,1622.6431750671954,1591.0193159203027,1306.615641788264,-inf
EVT_00006018,6656.29521837917,6473.199143558526,4954.700348184135,-inf
EVT_00006035,6027.733655008087,4307.40153819285,3065.7329317853896,-inf
EVT_00006048,3401.4204261410414,3164.0027436416267,2917.966442346966,-inf
EVT_00006050,2175.290124553151,1907.6001772382574,1446.1747495576724,-inf
EVT_00006060,1167.8610886800816,1508.0876514087352,1073.25080623287,-inf
EVT_00006067,3324.6885149724835,3045.240805141513,2388.9336344911912,-inf
EVT_00006075,2686.894142111666,2495.148746273631,2303.9475653091117,-inf
EVT_00006094,1244.759926371074,974.6144019055735,671.5924194930855,-inf
EVT_00006095,1281.41895111102,1252.2394632083538,1030.7971276658059,-inf
EVT_00006098,1342.454653596684,1312.8379343793783,1080.1335334251414,-inf
EVT_00006117,5601.100269699071,4699.280836659692,3302.1044999723317,-inf
EVT_00006121,2982.264695580906,1794.939560682133,1616.2708347926277,-inf
EVT_00006127,5161.228216103981,5104.255583592538,4166.926251623735,-inf
EVT_00006128,1864.9538096655128,2420.198508727103,1716.8554230037837,-inf
EVT_00006131,1533.2334912337626,1131.7951089708383,782.2063927610767,-inf
EVT_00006134,1607.301827632252,2083.0738147697184,1478.9731439830437,-inf
EVT_00006139,3483.367355914984,2666.2981546465494,2170.3036264791403,-inf
EVT_00006141,3100.4363506220247,1438.295668374797,1028.989933582658,-inf
EVT_00006158,1723.1255437669056,2234.623337295268,1585.9096765155427,-inf
EVT_00006165,2536.9812973353955,1936.465534946356,1579.301640489431,-inf
EVT_00006168,567.4692906335276,439.4874307717182,294.79100478848204,-inf
EVT_00006170,1343.859107338391,1314.232327269308,1081.2687820886158,-inf
EVT_00006176,11139.301855011918,9433.467004339478,7379.974664183998,7521.049927813964
EVT_00006180,755.7770387723814,674.6003145401944,465.43304387651074,-inf
EVT_00006187,2570.6677660985683,2386.3515222477054,2204.069939423473,-inf
EVT_00006191,6330.294031477193,8262.872195202113,5839.568938285084,-inf
EVT_00006199,2451.532041427845,2413.9704089127536,1976.623453196184,-inf
EVT_00006204,8975.258899544882,8830.775381863838,8158.7086473433055,6258.572581190327
EVT_00006217,6132.162050809222,8003.626437343991,5656.639675578673,-inf
EVT_00006219,952.0602991816392,857.7646582121846,680.5286328360103,-inf
EVT_00006223,2584.9332592971823,1553.1325395003614,1400.2665779110675,-inf
EVT_00006225,2489.5669383174254,2117.7770817792125,1924.3965906349238,-inf
EVT_00006230,9075.5727519622,8929.697918291187,8249.952039160014,6331.31699967056
EVT_00006249,475.2508047181789,416.78140709187,290.8196282748782,-inf
EVT_00006274,2159.8237127535585,2806.0209854312357,1989.0998824007775,-inf
EVT_00006298,757.012173835695,731.5892915801525,606.9084118330061,-inf
EVT_00006302,574.0501545751605,549.9379269193437,459.0164723094906,-inf
EVT_00006312,2000.6470945992285,1094.5772228495925,826.6267209545287,-inf
EVT_00006313,982.1046844642924,717.7763260004709,499.2409328984703,-inf
EVT_00006314,596.1744108527907,260.4116784297469,193.82309125864964,-inf
EVT_00006323,1576.1175605016053,2042.2707655180056,1450.1816537096556,-inf
EVT_00006346,3526.048695271383,1638.4831802017948,1170.9308832453269,-inf
EVT_00006349,3979.6593428385363,3904.462941295858,3614.8152893683073,-inf
EVT_00006350,2245.7982839299857,1774.485241410077,1215.7093612400204,-inf
EVT_00006351,3646.759111059221,3211.5199841524523,2427.81789401569,-inf
EVT_00006355,6416.503049428658,3541.748395750166,3347.905945864376,-inf
EVT_00006359,3530.408547206182,1946.820117696858,1462.516230957793,-inf
EVT_00006361,3985.4905516105414,2200.350107072343,1651.6842037151396,-inf
EVT_00006368,4149.746223946678,3834.943125368673,2871.1861983377134,-inf
EVT_00006393,20953.938878386365,27397.17791507554,19341.137745636937,-inf
EVT_00006404,239.14198940661328,182.9499636182631,153.54292808447354,-inf
EVT_00006414,615.9795387704528,578.5393218991912,487.4989873979971,-inf
EVT_00006429,5752.711130877699,5569.834730923747,4594.510581805638,-inf
EVT_00006433,847.0310029762408,730.5836086111493,560.0694542936569,-inf
EVT_00006434,2030.12047305364,1995.5776365307418,1635.987869721559,-inf
EVT_00006437,7558.299952109607,7484.155815318935,6104.528326894121,-inf
EVT_00006441,1876.1487129936877,1649.8070710698744,1406.2873857891516,-inf
EVT_00006447,4601.758145141948,6001.16969605386,4243.664056181435,-inf
EVT_00006451,1169.939867462784,631.7832814681924,481.31928055605124,-inf
EVT_00006465,11518.210262578044,6989.725027018717,6256.730689230267,-inf
EVT_00006471,933.2907084709722,900.3463119126297,843.901799101972,-inf
EVT_00006476,750.0640832171422,708.8275332097145,594.7046626019669,-inf
EVT_00006478,273.5616033599215,210.49293356995,156.52126652427327,-inf
EVT_00006482,3448.635393958505,2906.714917247309,2281.326857991812,-inf
EVT_00006493,6152.544332143863,8030.295630038992,5675.458019211288,-inf
EVT_00006497,625.1438911855005,797.9694226766492,572.1764392322935,-inf
EVT_00006505,1216.7096154910569,1187.993675097968,978.4912491627547,-inf
EVT_00006506,2368.176339260819,2078.5233554665842,1574.8525756380104,-inf
EVT_00006525,3375.3581575141034,3115.5685438978444,2334.4583724340596,-inf
EVT_00006533,520.9124238445675,486.1638403755161,411.48922588983874,-inf
EVT_00006544,1970.0461437341953,1499.2573104571752,1225.2602863632144,-inf
EVT_00006551,962.5362014427386,806.5244047696885,740.9586793361906,-inf
EVT_00006552,11938.065731510907,11832.54699474755,9644.782519498003,7487.574823509768
EVT_00006564,10099.432867542237,13194.601291806886,9319.500779651577,7602.066803516117
EVT_00006578,364.2880887834306,456.6526904791322,331.3361698056929,-inf
EVT_00006604,890.6121976204862,1145.3213850253287,817.27529406811,-inf
EVT_00006613,1206.7120854870614,1558.922231857651,1109.1207560377923,-inf
EVT_00006630,2319.793889265681,1948.060412950424,1513.5051048758667,-inf
EVT_00006635,2864.5543470278326,2804.8240388887957,2600.5389995269998,-inf
EVT_00006649,9861.321696513289,12883.044768827738,9099.659940168529,7416.941079517147
EVT_00006650,932.4478354368466,697.4056350877562,487.3480527400081,-inf
EVT_00006655,2671.5728001750113,2632.4348982585175,2154.4868956574564,-inf
EVT_00006659,3302.2168218463034,2653.8488731739994,1739.5435645434038,-inf
EVT_00006671,388.2767860356462,313.41108519656206,295.91173515750813,-inf
EVT_00006672,10958.026505469325,5832.960393127758,4131.732184051559,-inf
EVT_00006674,10131.66545386659,10039.086926456024,8184.632256091611,6316.768964015414
EVT_00006675,6167.584835159305,8049.975373761637,5689.344460552421,-inf
EVT_00006683,5190.640495289808,5133.457166923788,4190.70079801418,-inf
EVT_00006692,2053.9740657808875,1643.1301145895688,1080.1035627011515,-inf
EVT_00006698,3135.5995071803873,2870.9076789319884,2252.780568233249,-inf
EVT_00006709,962.8602168712005,1239.8542940552313,883.9797041738144,-inf
EVT_00006714,732.8694979451975,707.6195625631834,587.3933934856792,-inf
EVT_00006715,3782.0532721093978,3346.0973957944852,2839.957885451235,-inf
EVT_00006719,259.94576782260265,320.1259976001254,235.00006203505265,-inf
EVT_00006720,1751.3073876855437,1718.7618381092936,1410.6175544710127,-inf
EVT_00006732,4806.677986474576,6269.297029093897,4432.860345253571,-inf
EVT_00006736,1143.9535185693608,1031.3556684763853,707.0533016826745,-inf
EVT_00006737,1961.5326666280455,1489.161729983963,1030.7220555375968,-inf
EVT_00006744,620.7832197488171,530.0975851026615,409.13553221258303,-inf
EVT_00006747,2390.4365014078094,1961.9876336673617,1612.3631385628453,-inf
EVT_00006755,1695.3258572982502,2198.2488420598816,1560.2430671572959,-inf
EVT_00006759,3056.4574777698535,2797.9416320802625,2195.794548263395,-inf
EVT_00006760,606.5656967352962,500.854541051438,465.0840813977588,-inf
EVT_00006769,1352.490120306436,1236.407551217845,932.4099541233704,-inf
EVT_00006771,1695.2342962751445,1633.6967666805454,1258.1432131005845,-inf
EVT_00006775,1247.2884037764009,1218.353411201432,1003.2087086993087,-inf
EVT_00006776,664.7767055838497,640.0145552179678,532.3525977478944,-inf
EVT_00006779,17051.442130244643,12789.378192431304,8749.703264355976,-inf
EVT_00006783,905.6404746481226,531.1525276845535,487.3400966153174,-inf
EVT_00006784,1828.1804564127292,1665.5152923115002,1311.3767567447176,-inf
EVT_00006787,5297.773949270585,5147.965082916924,3942.4468061824186,-inf
EVT_00006788,1222.188145789285,1193.432959759511,982.9196571723404,-inf
EVT_00006802,1100.2903467842343,994.4273225229507,787.2613071903235,-inf
EVT_00006804,986.5888721221872,896.5003797594945,678.8040555484023,-inf
EVT_00006806,573.7517498298396,466.7579447148979,370.56998709219835,-inf
EVT_00006816,8361.660377069064,8136.778540891228,6225.3922111263155,5234.874377835626
EVT_00006823,11554.13990538859,10632.49299199511,8314.529487518183,-inf
EVT_00006824,429.28695567790834,406.21174408297975,342.00141998840434,-inf
EVT_00006827,2203.5365381357738,2863.2170246881337,2029.4586114208194,-inf
EVT_00006836,2006.3764208908838,1765.7121408492183,1504.2480219384488,-inf
EVT_00006858,2171.9816834287685,1997.681421250206,1500.3989819596275,-inf
EVT_00006868,19591.75175710661,17417.02159220697,14732.420295536043,-inf
EVT_00006874,1107.7427084132248,1429.4257665331068,1017.7453247843738,-inf
EVT_00006884,1081.571034276557,974.0227634149094,668.2233551972524,-inf
EVT_00006886,1424.8183209615736,1394.6115868334227,1146.7097690946757,-inf
EVT_00006896,13553.275887389686,17713.78162899758,12508.329534072427,10287.346905516517
EVT_00006915,481.2587389307555,237.0525209445716,176.67856348926188,-inf
EVT_00006945,1070.621863692242,906.4392358120685,602.4855049086532,-inf
EVT_00006962,3081.643556382015,2192.3587121288833,1564.8942412202193,-inf
EVT_00006979,845.7249043455774,449.45498164565544,436.9285767499728,-inf
EVT_00006984,6054.937735162354,5345.490754417474,4034.356705679207,-inf
EVT_00006990,2885.1891911890993,2457.4956778987957,2231.001010111108,-inf
EVT_00006991,2347.378803661814,1790.2481605408534,1460.8981102452622,-inf
EVT_00007000,1985.92607759907,2578.484653015978,1828.5454576281913,-inf
EVT_00007003,1433.946473357309,1856.2470296830436,1318.9193907382978,-inf
EVT_00007004,3383.311653188165,3339.0751859777624,2729.7999569790454,-inf
EVT_00007010,955.776790613708,561.664367699169,514.596076595699,-inf
EVT_00007015,21110.764015505512,27602.375740215077,19485.929649550282,-inf
EVT_00007046,559.5403709876084,712.1305073509893,511.6066940539191,-inf
EVT_00007049,1020.9528352317093,1315.8655710942005,937.6148609493442,-inf
EVT_00007058,1079.1664316030465,936.2868793214082,714.9311293863839,-inf
EVT_00007061,1996.0734378539696,1194.765628871281,1080.1403142357663,-inf
EVT_00007064,7286.98719153428,7060.670862891061,5821.222442674676,-inf
EVT_00007081,2152.5933010262847,2796.560354383467,1982.4242620295743,-inf
EVT_00007085,1772.8931897358968,1484.082289057628,1155.5114452067994,-inf
EVT_00007090,1211.648711424993,1565.3815592626793,1113.6785933946828,-inf
EVT_00007094,1542.4424444800272,1304.4866233648872,1190.381874584855,-inf
EVT_00007100,1603.0995571562487,1560.8651598757585,1453.1459837300422,-inf
EVT_00007113,1151.1625774582144,1486.2384871182417,1057.8335760824789,-inf
EVT_00007116,3426.2138602531895,3162.8113946843637,2369.7064243464515,-inf
EVT_00007118,4164.48166688074,3352.0361845037914,2195.073491102192,-inf
EVT_00007126,1786.282621927892,1722.5141779814244,1325.9846170086691,-inf
EVT_00007133,465.268705785864,394.09775754347595,344.9871043965815,-inf
EVT_00007137,587.4898550001816,256.3268823722249,190.92680753799442,-inf
EVT_00007148,2939.550699031675,2898.4931283927826,2371.0989082026044,-inf
EVT_00007152,3665.766050636254,1937.9787924529603,1378.852502391907,-inf
EVT_00007164,203.73817983519373,133.0521217978139,99.60507061237787,-inf
EVT_00007176,1640.6388703348823,959.1223076084069,1097.8928135062697,-inf
EVT_00007179,12201.04679288158,12093.644182409793,9857.355486178474,7658.024181495005
EVT_00007184,8539.763565864772,8458.588681353722,6897.865424924932,-inf
EVT_00007193,1458.7459804343982,1320.667107973808,902.9957138325495,-inf
EVT_00007196,1810.024179457872,1060.210327490328,1211.759334361741,-inf
EVT_00007200,2711.11767450394,3527.3614799579163,2498.0929163244364,-inf
EVT_00007204,747.3367596809461,554.985090133385,389.606308670939,-inf
EVT_00007208,321.7930297921118,293.9082863512227,234.77256860488154,-inf
EVT_00007232,550.5842752842708,486.0169748138092,337.7109097588364,-inf
EVT_00007240,1139.1099372766114,614.6076696072537,468.50393005410785,-inf
EVT_00007241,5580.828637385905,4273.771469847482,2941.770862528021,-inf
EVT_00007250,622.8640967573962,594.2252023623254,561.5442155742021,-inf
EVT_00007255,952.7825790794814,925.957288918954,765.1536315229998,-inf
EVT_00007262,3844.158193359469,3796.62043640552,3102.311634124364,-inf
EVT_00007274,362.79712877644056,150.64226501129525,115.9921884099542,-inf
EVT_00007291,618.9832477642291,583.8165920228597,456.21323179592116,-inf
EVT_00007302,896.9699734496406,1153.6402157742289,823.1452361186509,-inf
EVT_00007312,2838.5286896023745,2798.1947935374033,2289.4407533055087,-inf
EVT_00007334,4175.936759313996,5444.0037730716485,3850.5160550787427,-inf
EVT_00007340,938.3010654863548,845.0791496659464,670.6213310904095,-inf
EVT_00007349,2541.4616642979922,2087.2074439591875,1714.5463721731824,-inf
EVT_00007361,1044.3158204604733,1016.834828836174,839.1418212763743,-inf
EVT_00007368,1518.2119355478364,1966.504159971651,1396.7191422885537,-inf
EVT_00007372,1321.572531022091,685.8854691451228,493.902938399437,-inf
EVT_00007385,5489.883256012815,3027.389322397414,2863.7062204117024,-inf
EVT_00007405,3833.2359539301624,3785.776438806978,3093.4829647662705,-inf
EVT_00007413,4232.826257557187,4182.504263808268,3416.479973965427,-inf
EVT_00007466,346.7723965887032,324.28828082257945,275.30321545419946,-inf
EVT_00007467,13091.25573459295,12977.476082323708,10576.929567744533,8235.006956591302
EVT_00007472,479.68960887056085,247.23909155595425,194.39683394331848,-inf
EVT_00007473,715.6798656153707,916.43120368427,655.7655650010241,-inf
EVT_00007482,18757.245786171934,18602.877622947708,15156.865127242965,-inf
EVT_00007501,628.6357943037304,513.3203206791982,406.49632610683324,-inf
EVT_00007504,2839.9463083648066,2496.5751205144024,1889.578716779273,-inf
EVT_00007508,6307.3784103101425,6199.897407182678,5732.060094492251,-inf
EVT_00007510,10154.00180520753,7269.712111642579,5167.794538914845,5496.163054203855
EVT_00007543,2932.369846445204,1359.2452937426,972.9400574236472,-inf
EVT_00007546,7956.257240271236,6337.376927701806,4319.6438307170665,4390.640252357018
EVT_00007548,2481.4773048003067,3226.888575594214,2286.0729113969614,-inf
EVT_00007566,3653.909499174993,2791.240656246191,1924.3253289222414,-inf
EVT_00007576,5816.097293407759,4465.249423950614,3627.0537691271275,-inf
EVT_00007579,2807.151394901679,2587.7278916958553,1940.6346636498356,-inf
EVT_00007588,6704.804426495734,8752.90026061085,6185.343054132823,-inf
EVT_00007589,840.9804473366192,365.7889382217506,289.6094053353883,-inf
EVT_00007595,1868.7119649535075,1795.8031589178972,1489.1060417610588,-inf
EVT_00007606,3117.569886452704,3009.302190029575,2487.6152827823366,-inf
EVT_00007608,4141.934867412647,3091.502813653522,2121.589084225868,-inf
EVT_00007616,1159.2593919700491,1496.8327627484587,1065.3091199291969,-inf
EVT_00007622,3031.771034290573,1789.3406811878085,2033.0587991512318,-inf
EVT_00007624,3915.003100046485,2999.1663779681676,2439.852802202137,-inf
EVT_00007628,2075.649149101946,2040.7801663716364,1672.789629080881,-inf
EVT_00007635,4213.480050448076,1961.817722243939,1400.1880009214187,-inf
EVT_00007636,1626.2669799565988,1479.3584766115991,1165.9894639596741,-inf
EVT_00007647,2865.8155925100673,1690.2995832019158,1921.4979508674055,-inf
EVT_00007660,3567.7709826361393,3522.2131347939508,2878.9022029289094,-inf
EVT_00007676,1851.6024804242884,2402.7289641544135,1704.528544697648,-inf
EVT_00007684,5012.318586076924,4232.337171849438,3275.994658810525,-inf
EVT_00007687,1972.81088990817,907.9150577300279,652.9288752752643,-inf
EVT_00007688,289.73279998491535,246.280243613942,175.34403801041861,-inf
EVT_00007690,1205.6513803842115,713.7324516810197,650.4372664642524,-inf
EVT_00007691,8369.412433048374,7080.419293867338,5473.502018305802,-inf
EVT_00007694,7386.7081028903585,6246.715274398971,4830.237308956591,-inf
EVT_00007721,2546.7621122136165,1944.0082894920945,1585.4095929103512,-inf
EVT_00007724,1681.6645634136755,1187.2925306503084,851.6972349218613,-inf
EVT_00007735,783.7267663279965,1005.4671598467619,718.5912094772534,-inf
EVT_00007741,229.48270031898417,191.57462839722098,160.2384433469327,-inf
EVT_00007752,8412.187947031287,6299.400788289221,4314.060447656939,4208.146520879475
EVT_00007753,3868.6521029178284,3239.583805662566,2279.200632436519,-inf
EVT_00007760,6380.751877525785,3388.121708675725,2403.77877390002,3492.021665228839
EVT_00007763,2293.5818803902066,1925.8227403492358,1496.3470851609945,-inf
EVT_00007764,1330.1588995031425,1720.4461955654604,1223.095464185793,-inf
EVT_00007766,1114.6023463522556,1086.617854827643,895.9558566620653,-inf
EVT_00007780,1044.849484370934,866.7207526616733,687.699333441019,-inf
EVT_00007793,1604.2798638198155,1481.7348189933816,1373.6170536402367,-inf
EVT_00007804,2629.8164172345955,2590.9776385765244,2120.7343579149046,-inf
EVT_00007806,1984.4480490481205,1837.6027780111563,1700.309643397797,-inf
EVT_00007807,766.31144704696,982.6800881679123,702.5121721348899,-inf
EVT_00007812,3151.6058034458306,3109.029168909857,2542.5073830566844,-inf
EVT_00007816,5817.015257035335,5755.344871924139,4697.012319703357,-inf
EVT_00007818,6224.6156416382755,5141.02863171381,4206.558802996185,-inf
EVT_00007820,7966.1584780323465,7750.967439092423,5930.69811448474,4975.44286129606
EVT_00007834,18067.992075500813,13553.03047479077,9271.629389790825,-inf
EVT_00007845,2956.4530241466036,3848.3704782684126,2724.6036213335406,-inf
EVT_00007849,1003.104969138737,975.9191928386988,805.8302478907091,-inf
EVT_00007855,24341.79647274823,11429.206609110994,8112.945241188377,-inf
EVT_00007856,703.691961466576,628.7781651795643,501.69163360401535,-inf
EVT_00007858,2871.765762090499,2535.9246677964247,2155.2161741818845,-inf
EVT_00007862,2070.078520683313,929.6218337290385,720.1828552108545,-inf
EVT_00007887,1793.4706759304916,1628.2973571721825,1111.3449349449543,-inf
EVT_00007898,953.7848035307605,1227.9795709469977,875.6006496389249,-inf
EVT_00007899,3188.3876350922155,1479.6637090846625,1058.3215283982063,-inf
EVT_00007923,2721.2028354505187,2334.7334132241303,1539.0477488022889,-inf
EVT_00007969,3669.222453126953,3622.937854252036,2960.907499979299,-inf
EVT_00007979,4495.70166379162,3794.051116301704,2937.8243423071835,-inf
EVT_00007982,57716.15542229155,56281.96357918905,43000.12924267398,-inf
EVT_00008004,14514.920647117076,18972.045558350816,13396.187043442462,11035.002639621936
EVT_00008008,12503.999784150446,16340.856482488669,11539.564656772436,9471.559903808115
EVT_00008010,150589.39328508716,126861.07759454621,88908.75554824191,-inf
EVT_00008012,1750.2626194440666,1045.1706652059636,946.508342749461,-inf
EVT_00008017,5225.62294388844,3160.1971917935225,2835.8444378205195,-inf
EVT_00008022,4009.4796929942463,3664.9304927548665,2490.6986512849176,-inf
EVT_00008028,7058.94500640675,9216.275444757424,6512.310336038241,-inf
EVT_00008069,2319.7603617034033,2151.482037177741,1988.4559219538676,-inf
EVT_00008070,7770.529716414519,10147.348342753432,7169.2949677772995,-inf
EVT_00008071,873.112836248198,784.9779945123572,623.6827099704587,-inf
EVT_00008077,2755.0608426078784,2301.3128157495767,1621.6936265319882,-inf
EVT_00008085,8855.567119977444,4145.231506679538,2948.3156700298696,4368.805241086102
EVT_00008095,1826.556941876088,1689.8040188313878,1564.6279722165461,-inf
EVT_00008105,55454.87689880951,72539.92465271322,51194.80989628268,-inf
EVT_00008110,666.4821832307259,349.95881224267146,343.26634659917295,-inf
EVT_00008119,3447.899114723104,3403.1999730522452,2782.007322168324,-inf
EVT_00008120,6710.888268863645,6261.930482958839,5761.914627040868,4893.6328704367415
EVT_00008139,8358.01466611211,7418.787710655573,6282.113908845259,-inf
EVT_00008143,12703.67452636473,11237.16748869443,8469.847327800237,7238.590137083037
EVT_00008150,4345.521079886352,5665.8963497239265,4007.0881270091973,-inf
EVT_00008164,996.6784280565438,574.8110215278826,665.0008731695577,-inf
EVT_00008166,819.1813715060243,478.53545217606137,440.3376885010009,-inf
EVT_00008167,8724.049522537243,7744.565506031644,6557.454755791049,-inf
EVT_00008182,1629.5041781258283,2112.1244766595046,1499.4719023987557,-inf
EVT_00008187,1178.613209567622,1522.156262234081,1083.177914112461,-inf
EVT_00008191,933.7463347895018,766.7402781400436,546.319661660144,-inf
EVT_00008214,5839.336608968199,7620.479035625778,5386.282805390088,-inf
EVT_00008216,3050.419217039496,2944.052756232008,2433.9257775187098,-inf
EVT_00008221,6175.452293682945,5183.208702573335,3641.2239714377724,-inf
EVT_00008225,2146.715605620232,1635.5010082804843,1335.5873583776638,-inf
EVT_00008237,1885.9063659242868,845.1352320969594,655.6642933765916,-inf
EVT_00008249,4497.596584474301,5864.8795189510465,4147.494838920074,-inf
EVT_00008252,930.6439898709566,851.157530051196,794.7368191414217,-inf
EVT_00008256,512.4224922479507,488.75173643107604,409.2015733118313,-inf
EVT_00008260,2301.3122173062006,1209.1893301582525,863.7615703548513,-inf
EVT_00008275,2009.1369625485597,1489.3031426373527,1026.5489910007846,-inf
EVT_00008283,1351.0368832913455,1221.6765738396573,835.9522396030321,-inf
EVT_00008286,6630.212231951321,6092.81236982099,4769.067704208537,4915.42720257358
EVT_00008304,841.590987146579,725.7630215275808,556.4403229331581,-inf
EVT_00008312,2536.0546211560195,2497.8875082885074,2044.9447818525464,-inf
EVT_00008316,2340.3596138473113,3042.243155834315,2155.783217255546,-inf
EVT_00008320,1982.2926372882619,1080.3544401646486,1030.8353637186854,-inf
EVT_00008336,4044.106407562412,5271.510370778279,3728.801080207235,-inf
EVT_00008345,2932.389145654542,2891.382877044961,2365.3100782409215,-inf
EVT_00008355,6412.2343320169575,5891.844745188223,4612.113263550825,4745.606247453197
EVT_00008363,948.7067702454921,508.53247338489143,389.3573569853744,-inf
EVT_00008370,583.0444002707706,304.81890994472457,237.35923670746703,-inf
EVT_00008377,17817.39188854197,13720.390277680735,11121.657980454278,-inf
EVT_00008382,3453.8243205067747,4499.155870041432,3183.8114898854064,-inf
EVT_00008396,5587.027912818427,4930.85959956545,3722.2057371296637,-inf
EVT_00008408,4248.1411467698035,5538.479592086606,3917.1801812684134,-inf
EVT_00008409,1855.521337436905,1822.229247714513,1494.8558199669135,-inf
EVT_00008413,2012.8282358225874,1829.898917263647,1247.883939576506,-inf
EVT_00008417,3495.3060434183753,3192.3768686016438,2170.6515174847596,-inf
EVT_00008419,1146.7308337184802,1480.4397727432734,1053.741881182543,-inf
EVT_00008427,10402.489519294706,9238.408161222878,7820.020552853087,6271.855697858422
EVT_00008446,3827.55853418748,3535.6440471386795,2647.878136458596,-inf
EVT_00008456,1393.0695111130249,753.281498996107,722.9402831779444,-inf
EVT_00008457,1512.8356523844993,1450.0027655635713,1204.5694418457097,-inf
EVT_00008460,2250.6713428613284,2924.8905522598807,2072.9767504268875,-inf
EVT_00008462,1671.9843252417938,766.4207560982481,552.6037582778195,-inf
EVT_00008465,12208.301202704446,12100.846625023065,9863.219373903032,7662.726077100812
EVT_00008466,1836.5493639289687,843.8242103040702,607.4859020083435,-inf
EVT_00008478,2540.89134323511,3304.6288645143277,2340.92809534378,-inf
EVT_00008498,10848.097239196637,9592.87596764537,7231.958701084658,6144.760336701757
EVT_00008505,3226.184780255258,4201.300950648708,2973.638790250308,-inf
EVT_00008508,4554.730537273106,4502.102571352551,3676.6817822998437,-inf
EVT_00008513,5325.230109851474,5267.082644239299,4299.492334190347,-inf
EVT_00008516,2760.4652345425825,3591.9302868589375,2543.6540253578987,-inf
EVT_00008524,16004.384382648632,14162.041201938491,10671.809606298273,-inf
EVT_00008538,1670.037811715255,1267.8973227393772,1037.9101891916985,-inf
EVT_00008541,576.2887471179396,734.0449173728465,527.0699629654907,-inf
EVT_00008544,2335.7457491016607,1948.0133584962648,1374.113907214584,-inf
EVT_00008557,493.16150560284973,280.1270570149139,263.10107334237813,-inf
EVT_00008566,4037.949482216132,3474.1513520476765,2286.1878256811247,-inf
EVT_00008567,5147.573198922343,4348.533506122725,3407.664289994987,-inf
EVT_00008575,30333.106387179352,29569.8685309007,22596.629491222182,-inf
EVT_00008576,19867.477464774645,19360.673997562837,14798.540357931612,-inf
EVT_00008582,2477.4366548474495,2281.4364941231293,1712.1096084886149,-inf
EVT_00008593,4781.347031442068,4235.487332665286,3591.6523899842364,-inf
EVT_00008594,361.9250770612634,312.6288832154507,220.2800851607358,-inf
EVT_00008617,2199.4178941530618,2117.145817484526,1753.5179661934858,-inf
EVT_00008634,2212.599485249098,2875.0754363635265,2037.8261562654138,-inf
EVT_00008641,3070.855516825546,3028.8573396930046,2477.235276017092,-inf
EVT_00008653,254.94553058200668,215.0504234935489,178.57289047528099,-inf
EVT_00008655,6728.375249350694,6183.3150695876975,4839.749738918622,4991.9034755227185
EVT_00008675,3053.9034119514736,3012.0266717943105,2463.532543182346,-inf
EVT_00008676,2421.2342622622896,3148.063576390176,2230.4523330455136,-inf
EVT_00008684,13708.929199159922,17917.44617945006,12652.039527098019,10408.363621825049
EVT_00008698,1643.3201264067868,892.1935700559679,853.7072709765997,-inf
EVT_00008713,723.1852798312187,593.7375815731608,474.447010106959,-inf
EVT_00008723,7481.400510913385,9769.037280872572,6902.350720761235,-inf
EVT_00008725,858.7540934846891,456.6873780392468,443.7369029360265,-inf
EVT_00008727,390.6035093968793,311.4891216635096,253.95671543719237,-inf
EVT_00008730,1585.6268835839103,863.3659935085337,654.1115891513034,-inf
EVT_00008735,682.6007319630937,873.1488166407281,625.2246018027691,-inf
EVT_00008741,1408.8528158234103,1378.7604511301336,1133.8045249904696,-inf
EVT_00008746,2168.8707828300344,2095.727960904703,1611.0565034836109,-inf
EVT_00008755,800.0425411007928,619.2669113600344,429.86515521019,-inf
EVT_00008759,3701.908473228514,4823.761539293365,3412.8600816045973,-inf
EVT_00008765,22135.31959037374,28942.95531540032,20431.87081099493,-inf
EVT_00008767,811.8879733830157,1042.3146866345369,744.5915998540607,-inf
EVT_00008768,1325.086933984529,1272.6189513247057,982.3411428193277,-inf
EVT_00008769,6998.648671646915,6807.164070987589,5209.792781086703,-inf
EVT_00008779,2756.2979290442704,2365.102185609947,1558.961185445635,-inf
EVT_00008790,1440.359986381101,1202.3742369902795,949.9092165002166,-inf
EVT_00008806,2171.63375921744,1650.8090651307177,1141.658946464556,-inf
EVT_00008812,13307.734844999608,17392.50349204521,12281.628919173452,10096.444634751579
EVT_00008814,500.79599065058005,440.25882605719727,306.72021662047115,-inf
EVT_00008818,1105.5607775258586,959.6758265264858,732.5392672168002,-inf
EVT_00008820,1433.0891595380747,1140.3913495438862,752.0933725942439,-inf
EVT_00008836,4332.010401446627,1967.2539230043785,1512.5751259363856,-inf
EVT_00008844,13090.309240364657,7946.469286614724,7111.382600534293,-inf
EVT_00008851,17857.839448600174,12800.414159220125,9092.39195921377,-inf
EVT_00008861,1538.9435916734185,1255.987530232241,1036.2452437177158,-inf
EVT_00008863,10736.345206156906,7687.785283626718,5464.46011195612,5825.7119551779115
EVT_00008884,6504.275912103123,5608.333036968342,3685.615212081054,3961.3712603067215
EVT_00008886,1326.2699464125076,1118.8605190947067,1022.8497330139228,-inf
EVT_00008910,3105.2762405530802,3063.0314894044573,2505.0582504925715,-inf
EVT_00008912,2373.348760626836,1994.1634090183998,1568.448739843214,-inf
EVT_00008915,5578.81785988673,4923.584386338651,3716.728664727904,-inf
EVT_00008919,6154.401799984145,8032.726033532298,5677.172963065269,-inf
EVT_00008932,85954.62924484734,85318.89035738423,69473.88354874082,-inf
EVT_00008935,7454.4586253768,5579.935713526246,3822.3345305988214,3700.5856258824715
EVT_00008936,990.9200673234207,861.9371960346571,740.3955977228471,-inf
EVT_00008943,16506.76790717583,14671.328880816818,12411.81598383231,-inf
EVT_00008946,1981.4346778504228,1947.2406036645511,1596.63414642451,-inf
EVT_00008947,2875.419635207596,2528.0092682345544,1913.2436043342777,-inf
EVT_00008965,610.7827975478812,779.1786520438395,558.9172760122484,-inf
EVT_00008968,254.76002898095925,194.65141933288467,145.4200956397586,-inf
EVT_00008973,1276.8720116958475,1650.7229758866893,1173.8972930190544,-inf
EVT_00008985,1615.0341426785506,962.8736402047293,872.9930757316691,-inf
EVT_00008987,2995.8780619304193,2646.386911244469,2248.5766428762176,-inf
EVT_00009004,1309.6299000301808,1280.2483220428455,1053.6006142490646,-inf
EVT_00009019,3543.001476181002,4615.839704869386,3266.1460594119626,-inf
EVT_00009025,4475.9643641590865,4346.291912009467,3330.104782324429,-inf
EVT_00009030,3614.7320832851015,2767.6038134139985,2252.3386628798876,-inf
EVT_00009051,4316.687235109516,4265.764500417691,3484.2665160613096,-inf
EVT_00009058,3755.7002432340064,4894.145372002195,3462.5243952282904,-inf
EVT_00009066,7760.640660976626,5964.839540697958,4841.388005835108,-inf
EVT_00009073,2817.3832873013075,2152.7055324090393,1754.4079107508967,-inf
EVT_00009087,378.73144755077954,331.8258976107363,257.4985007603715,-inf
EVT_00009093,9092.253453238096,6507.466844274327,4626.903747074271,4895.318257247085
EVT_00009097,3704.021498724674,4826.526327159911,3414.8109741096296,-inf
EVT_00009099,1992.8908418426925,1958.6147010394302,1605.8943979191308,-inf
EVT_00009101,1233.859953412762,865.8068000195641,623.5703066869619,-inf
EVT_00009103,10942.781405531781,9199.984663773337,6456.037990021919,-inf
EVT_00009105,436.23459934092654,350.2143495792977,284.2085613357996,-inf
EVT_00009115,587.5019369939469,521.6552264260547,418.02929762133647,-inf
EVT_00009154,13827.757397804404,13615.971522679834,12572.440261644751,-inf
EVT_00009178,3338.169761788525,2554.324885878699,2079.630200225949,-inf
EVT_00009179,9444.575724025775,12337.75356895376,8714.890993600726,7092.931082224637
EVT_00009203,10846.923230406996,10519.8145009485,8667.526230372096,7721.893099605168
EVT_00009210,232.49002613494287,104.17883038390934,82.76662231136072,-inf
EVT_00009218,2664.399529259484,2224.9249315643747,1568.1637086746196,-inf
EVT_00009225,2716.1800434123115,2020.4477902247438,1389.565345910666,-inf
EVT_00009241,7495.125826968089,9786.99616843049,6915.022889776226,-inf
EVT_00009254,1979.645842683285,1647.9766900959614,1163.8588597684852,-inf
EVT_00009257,1275.239263829287,998.9686467316087,688.1595407817017,-inf
EVT_00009258,1283.5378351709921,1245.7356406507981,1162.4792940746338,-inf
EVT_00009261,2271.6679613890783,1686.5215846728297,1161.3399943064237,-inf
EVT_00009264,2278.8607758773887,1800.9035329674248,1233.6805627120827,-inf
EVT_00009273,4355.704352900818,4304.502117768913,3515.804849799069,-inf
EVT_00009275,2688.5097219441222,2261.6275452495556,1777.3896362083517,-inf
EVT_00009284,2114.921622119012,2079.771309702845,1704.5343716665443,-inf
EVT_00009290,1534.8294162934499,1988.2472999486783,1412.0615594520261,-inf
EVT_00009295,10293.759832346464,9542.478416369318,7129.597722614488,6292.6955980093635
EVT_00009296,950.1884021268246,923.381695440448,763.0567052726981,-inf
EVT_00009301,1816.655402932975,1510.646947396372,1067.6230505888577,-inf
EVT_00009312,2292.4955741219105,1204.4801370081689,860.433225456475,-inf
EVT_00009318,786.6914153030036,761.0559247995704,630.8987492917149,-inf
EVT_00009328,9692.54768070347,12662.212435310123,8943.83599810726,7285.7233305388445
EVT_00009338,8726.770644042535,8644.256128015692,7049.02706824366,5406.1960994783085
EVT_00009339,2082.089709018915,1899.6103055395008,1494.203477860124,-inf
EVT_00009368,5709.974989216985,5649.071390676789,4610.489483549969,-inf
EVT_00009377,2816.3301955444053,2776.155319140791,2271.4972568683634,-inf
EVT_00009383,1914.2550785537064,1847.350985619917,1421.3387166784828,-inf
EVT_00009387,3783.824051607678,4930.943964491447,3488.490256534212,-inf
EVT_00009396,2785.822879800545,2697.563170467573,2070.756295900971,-inf
EVT_00009424,1621.3006675122224,966.6873069947634,876.3997934396548,-inf
EVT_00009429,2525.6216617118957,2025.0294449340406,1329.2724763746537,-inf
EVT_00009430,3228.0092477002536,3184.885294512837,2604.265848571722,-inf
EVT_00009433,852.6325815093173,620.514339627012,432.76621282934195,-inf
EVT_00009436,2594.5081837951197,2181.121776908983,1693.329295531603,-inf
EVT_00009448,504.5064802492395,480.89243105147364,402.80289902679425,-inf
EVT_00009450,2021.4641819004673,1695.53345019123,1335.1613460338724,-inf
EVT_00009452,1536.3332521275636,702.6170362466255,507.364369940865,-inf
EVT_00009464,570.8914940157605,442.2584343584056,296.598936614017,-inf
EVT_00009466,5349.052362723467,6978.966693422856,4933.61819577103,-inf
EVT_00009483,342.65717189361123,268.7103152946067,197.31794121729547,-inf
EVT_00009487,2288.8706458275947,1922.4703100039303,1512.4426502703986,-inf
EVT_00009492,2540.753688721278,2340.255407685153,1755.9946002735796,-inf
EVT_00009494,2544.201207129186,2318.2596560434886,1578.6367826788942,-inf
EVT_00009500,10575.107052587082,8116.263609457516,5578.833397413699,6359.54783789866
EVT_00009506,1472.8348688456367,1907.1305444304821,1354.8238696141057,-inf
EVT_00009510,3986.581002535681,5196.241263933575,3675.689614340136,-inf
EVT_00009516,9437.41788380034,7989.148125430198,6251.6840251145995,6333.7739670964675
EVT_00009520,2390.3086673867588,1434.6883679071223,1294.4613571118039,-inf
EVT_00009534,8616.793825665358,8385.660574450128,6415.495776596566,5402.230483205833
EVT_00009545,534.1761210662443,438.6940209050663,408.9826774372079,-inf
EVT_00009552,771.3584947013944,745.8328420921589,618.5048361970905,-inf
EVT_00009553,1233.3511203357057,1072.9152903888983,817.7904788275106,-inf
EVT_00009554,8414.359190923957,7120.9203206276825,5573.431238252023,5620.063154255049
EVT_00009555,488.1095831515256,277.0525700560625,260.3546590009206,-inf
EVT_00009556,4297.388976991519,5602.9179075249,3962.6492127795145,-inf
EVT_00009563,13311.755203244513,17397.76392913642,12285.340794293645,10099.57036685229
EVT_00009564,14602.732750922101,19086.94329128268,13477.261301881694,11103.27444401704
EVT_00009582,5705.555292672962,7445.432894092797,5262.766563987385,-inf
EVT_00009593,1063.5218986359707,861.8001440278883,714.5761589547197,-inf
EVT_00009597,2313.2856270718275,1759.7930150712896,1216.4535018858992,-inf
EVT_00009601,2156.7758723521165,1643.259270098958,1341.869823724896,-inf
EVT_00009612,3867.628263394914,5040.597571764939,3565.864149543547,-inf
EVT_00009650,2209.9254795327183,2871.5766340191362,2035.357327697098,-inf
EVT_00009662,1576.337278635879,855.01193876039,818.7057776660024,-inf
EVT_00009673,1990.1440572191366,1688.9254719286891,1537.347425880451,-inf
EVT_00009684,3960.0902699142043,5161.579469146492,3651.2315224628824,-inf
EVT_00009688,3334.1392527911794,2808.6079660118103,2177.4815985410883,-inf
EVT_00009694,1235.2846780369082,1596.3080359291782,1135.5009661943402,-inf
EVT_00009697,5588.329125987759,7292.048335372636,5154.535191296677,-inf
EVT_00009701,1942.2818164659925,2521.3783266397054,1788.250031904773,-inf
EVT_00009704,770.4324928154517,690.3104859146072,549.747985969166,-inf
EVT_00009706,494.19082965568674,280.75348060066193,263.66065246655444,-inf
EVT_00009710,2676.0388141128146,1465.4472724017785,1393.3483498853234,-inf
EVT_00009713,1794.3530790719922,1467.7557345945672,1209.0546406267747,-inf
EVT_00009728,6312.401339201659,5598.153997404009,4743.350875575726,-inf
EVT_00009729,1113.022155596846,1436.333658341262,1022.6196786243818,-inf
EVT_00009730,2497.9869077632247,2416.7799080369196,1856.2856145538424,-inf
EVT_00009734,1405.9139804533363,730.934380349497,525.7424295831505,-inf
EVT_00009735,2805.545562905855,2558.4493712809876,1741.3104476365718,-inf
EVT_00009739,3991.754486788816,5203.010508562581,3680.466135812634,-inf
EVT_00009743,617.6548635763036,455.2105831865708,321.1320985368782,-inf
EVT_00009769,1029.2869971711166,606.4010344989508,554.558979327877,-inf
EVT_00009779,2283.981101715251,2968.4747008109807,2103.730642895603,-inf
EVT_00009780,1931.8319252455951,1897.9931820520428,1556.5392277190767,-inf
EVT_00009794,2429.250940351942,2040.9212874263676,1585.1541818081962,-inf
EVT_00009797,1785.5574232521676,1715.0029701614562,1422.6208340426317,-inf
EVT_00009841,431.80444434706885,220.56186605508145,174.4919829265943,-inf
EVT_00009849,5815.110727810601,4154.756309509759,2957.4155670897107,-inf
EVT_00009853,436.6396728148516,223.2556122595035,176.50188522599692,-inf
EVT_00009856,8772.049768392935,8689.21089383069,7085.627109865257,5435.543451091515
EVT_00009863,2671.527419514723,1205.5287621358236,930.8803844881566,-inf
EVT_00009868,1347.6880006943745,730.8082525581847,555.2054234916137,-inf
EVT_00009871,3288.1668614759546,4282.401394734063,3030.8649703979327,-inf
EVT_00009876,5724.583699275092,5297.9022008073625,3962.704948334122,-inf
EVT_00009883,3196.146913331881,1483.31329919618,1060.9092337030004,-inf
EVT_00009886,648.5606165077601,374.6994786024667,347.5818528775296,-inf
EVT_00009900,1425.1344744516364,1289.776300989624,882.0742485622791,-inf
EVT_00009921,1997.4511045678016,2593.5645726774646,1839.1861663060834,-inf
EVT_00009928,4248.399765242494,3926.5881972087254,2939.562898641643,-inf
EVT_00009933,579.4200946081637,425.79356094513753,300.9435010271757,-inf
EVT_00009948,921.3476805749572,1185.5372226947663,845.6524354908717,-inf
EVT_00009949,7039.075725211737,6968.651068693655,5684.828772451745,-inf
EVT_00009953,5230.6356713486875,6824.024392866383,4824.287647657134,-inf
EVT_00009962,2125.089402926741,2089.866253269607,1712.753196701284,-inf
EVT_00009975,405.51662851376886,324.1452720523123,263.8436013727445,-inf
EVT_00009985,1154.8686027608273,1061.0497789324363,987.4213264691126,-inf
EVT_00009993,861.3797889623995,829.4327702312927,778.4931237644491,-inf
EVT_00010000,3310.998756438889,4312.275783982318,3051.9449681735514,-inf
